data_year,utility_number,utility_name,state,county_eia,county_fips,census_county_name,match_status,metric_label,transform_version,grain_note
2024,34,City of Abbeville - (SC),SC,Abbeville,45001,Abbeville County,matched,utility_service_territory_coverage,eia_861_coverage_v0,annual_eia861_service_territory_not_monthly
2024,55,City of Aberdeen - (MS),MS,Monroe,28095,Monroe County,matched,utility_service_territory_coverage,eia_861_coverage_v0,annual_eia861_service_territory_not_monthly
2024,59,City of Abbeville - (LA),LA,Vermilion,22113,Vermilion Parish,matched,utility_service_territory_coverage,eia_861_coverage_v0,annual_eia861_service_territory_not_monthly
2024,84,A & N Electric Coop,MD,Somerset,24039,Somerset County,matched,utility_service_territory_coverage,eia_861_coverage_v0,annual_eia861_service_territory_not_monthly
2024,84,A & N Electric Coop,VA,Accomack,51001,Accomack County,matched,utility_service_territory_coverage,eia_861_coverage_v0,annual_eia861_service_territory_not_monthly
2024,84,A & N Electric Coop,VA,Northampton,51131,Northampton County,matched,utility_service_territory_coverage,eia_861_coverage_v0,annual_eia861_service_territory_not_monthly
2024,87,City of Ada - (MN),MN,Norman,27107,Norman County,matched,utility_service_territory_coverage,eia_861_coverage_v0,annual_eia861_service_territory_not_monthly
2024,97,Adams Electric Coop,IL,Adams,17001,Adams County,matched,utility_service_territory_coverage,eia_861_coverage_v0,annual_eia861_service_territory_not_monthly
2024,97,Adams Electric Coop,IL,Brown,17009,Brown County,matched,utility_service_territory_coverage,eia_861_coverage_v0,annual_eia861_service_territory_not_monthly
2024,97,Adams Electric Coop,IL,Hancock,17067,Hancock County,matched,utility_service_territory_coverage,eia_861_coverage_v0,annual_eia861_service_territory_not_monthly
2024,97,Adams Electric Coop,IL,McDonough,17109,McDonough County,matched,utility_service_territory_coverage,eia_861_coverage_v0,annual_eia861_service_territory_not_monthly
2024,97,Adams Electric Coop,IL,Pike,17149,Pike County,matched,utility_service_territory_coverage,eia_861_coverage_v0,annual_eia861_service_territory_not_monthly
2024,97,Adams Electric Coop,IL,Schuyler,17169,Schuyler County,matched,utility_service_territory_coverage,eia_861_coverage_v0,annual_eia861_service_territory_not_monthly
2024,108,Adams-Columbia Electric Coop,WI,Adams,55001,Adams County,matched,utility_service_territory_coverage,eia_861_coverage_v0,annual_eia861_service_territory_not_monthly
2024,108,Adams-Columbia Electric Coop,WI,Columbia,55021,Columbia County,matched,utility_service_territory_coverage,eia_861_coverage_v0,annual_eia861_service_territory_not_monthly
2024,108,Adams-Columbia Electric Coop,WI,Dane,55025,Dane County,matched,utility_service_territory_coverage,eia_861_coverage_v0,annual_eia861_service_territory_not_monthly
2024,108,Adams-Columbia Electric Coop,WI,Dodge,55027,Dodge County,matched,utility_service_territory_coverage,eia_861_coverage_v0,annual_eia861_service_territory_not_monthly
2024,108,Adams-Columbia Electric Coop,WI,Green Lake,55047,Green Lake County,matched,utility_service_territory_coverage,eia_861_coverage_v0,annual_eia861_service_territory_not_monthly
2024,108,Adams-Columbia Electric Coop,WI,Jefferson,55055,Jefferson County,matched,utility_service_territory_coverage,eia_861_coverage_v0,annual_eia861_service_territory_not_monthly
2024,108,Adams-Columbia Electric Coop,WI,Marquette,55077,Marquette County,matched,utility_service_territory_coverage,eia_861_coverage_v0,annual_eia861_service_territory_not_monthly
2024,108,Adams-Columbia Electric Coop,WI,Portage,55097,Portage County,matched,utility_service_territory_coverage,eia_861_coverage_v0,annual_eia861_service_territory_not_monthly
2024,108,Adams-Columbia Electric Coop,WI,Sauk,55111,Sauk County,matched,utility_service_territory_coverage,eia_861_coverage_v0,annual_eia861_service_territory_not_monthly
2024,108,Adams-Columbia Electric Coop,WI,Waupaca,55135,Waupaca County,matched,utility_service_territory_coverage,eia_861_coverage_v0,annual_eia861_service_territory_not_monthly
2024,108,Adams-Columbia Electric Coop,WI,Waushara,55137,Waushara County,matched,utility_service_territory_coverage,eia_861_coverage_v0,annual_eia861_service_territory_not_monthly
2024,108,Adams-Columbia Electric Coop,WI,Wood,55141,Wood County,matched,utility_service_territory_coverage,eia_861_coverage_v0,annual_eia861_service_territory_not_monthly
2024,118,"Adams Rural Electric Coop, Inc",OH,Adams,39001,Adams County,matched,utility_service_territory_coverage,eia_861_coverage_v0,annual_eia861_service_territory_not_monthly
2024,118,"Adams Rural Electric Coop, Inc",OH,Brown,39015,Brown County,matched,utility_service_territory_coverage,eia_861_coverage_v0,annual_eia861_service_territory_not_monthly
2024,118,"Adams Rural Electric Coop, Inc",OH,Highland,39071,Highland County,matched,utility_service_territory_coverage,eia_861_coverage_v0,annual_eia861_service_territory_not_monthly
2024,118,"Adams Rural Electric Coop, Inc",OH,Pike,39131,Pike County,matched,utility_service_territory_coverage,eia_861_coverage_v0,annual_eia861_service_territory_not_monthly
2024,118,"Adams Rural Electric Coop, Inc",OH,Scioto,39145,Scioto County,matched,utility_service_territory_coverage,eia_861_coverage_v0,annual_eia861_service_territory_not_monthly
2024,122,Village of Arcade - (NY),NY,Cattaraugus,36009,Cattaraugus County,matched,utility_service_territory_coverage,eia_861_coverage_v0,annual_eia861_service_territory_not_monthly
2024,122,Village of Arcade - (NY),NY,Erie,36029,Erie County,matched,utility_service_territory_coverage,eia_861_coverage_v0,annual_eia861_service_territory_not_monthly
2024,122,Village of Arcade - (NY),NY,Wyoming,36121,Wyoming County,matched,utility_service_territory_coverage,eia_861_coverage_v0,annual_eia861_service_territory_not_monthly
2024,123,City of Adel- (GA),GA,Cook,13075,Cook County,matched,utility_service_territory_coverage,eia_861_coverage_v0,annual_eia861_service_territory_not_monthly
2024,123,City of Adel- (GA),GA,Tift,13277,Tift County,matched,utility_service_territory_coverage,eia_861_coverage_v0,annual_eia861_service_territory_not_monthly
2024,149,City of Afton- (IA),IA,Union,19175,Union County,matched,utility_service_territory_coverage,eia_861_coverage_v0,annual_eia861_service_territory_not_monthly
2024,150,Adrian Public Utilities Comm,MN,Nobles,27105,Nobles County,matched,utility_service_territory_coverage,eia_861_coverage_v0,annual_eia861_service_territory_not_monthly
2024,155,Agralite Electric Coop,MN,Big Stone,27011,Big Stone County,matched,utility_service_territory_coverage,eia_861_coverage_v0,annual_eia861_service_territory_not_monthly
2024,155,Agralite Electric Coop,MN,Chippewa,27023,Chippewa County,matched,utility_service_territory_coverage,eia_861_coverage_v0,annual_eia861_service_territory_not_monthly
2024,155,Agralite Electric Coop,MN,Kandiyohi,27067,Kandiyohi County,matched,utility_service_territory_coverage,eia_861_coverage_v0,annual_eia861_service_territory_not_monthly
2024,155,Agralite Electric Coop,MN,Pope,27121,Pope County,matched,utility_service_territory_coverage,eia_861_coverage_v0,annual_eia861_service_territory_not_monthly
2024,155,Agralite Electric Coop,MN,Stevens,27149,Stevens County,matched,utility_service_territory_coverage,eia_861_coverage_v0,annual_eia861_service_territory_not_monthly
2024,155,Agralite Electric Coop,MN,Swift,27151,Swift County,matched,utility_service_territory_coverage,eia_861_coverage_v0,annual_eia861_service_territory_not_monthly
2024,157,Town of Advance - (IN),IN,Boone,18011,Boone County,matched,utility_service_territory_coverage,eia_861_coverage_v0,annual_eia861_service_territory_not_monthly
2024,162,Aiken Electric Coop Inc,SC,Aiken,45003,Aiken County,matched,utility_service_territory_coverage,eia_861_coverage_v0,annual_eia861_service_territory_not_monthly
2024,162,Aiken Electric Coop Inc,SC,Barnwell,45011,Barnwell County,matched,utility_service_territory_coverage,eia_861_coverage_v0,annual_eia861_service_territory_not_monthly
2024,162,Aiken Electric Coop Inc,SC,Calhoun,45017,Calhoun County,matched,utility_service_territory_coverage,eia_861_coverage_v0,annual_eia861_service_territory_not_monthly
2024,162,Aiken Electric Coop Inc,SC,Edgefield,45037,Edgefield County,matched,utility_service_territory_coverage,eia_861_coverage_v0,annual_eia861_service_territory_not_monthly
2024,162,Aiken Electric Coop Inc,SC,Greenwood,45047,Greenwood County,matched,utility_service_territory_coverage,eia_861_coverage_v0,annual_eia861_service_territory_not_monthly
2024,162,Aiken Electric Coop Inc,SC,Lexington,45063,Lexington County,matched,utility_service_territory_coverage,eia_861_coverage_v0,annual_eia861_service_territory_not_monthly
2024,162,Aiken Electric Coop Inc,SC,McCormick,45065,McCormick County,matched,utility_service_territory_coverage,eia_861_coverage_v0,annual_eia861_service_territory_not_monthly
2024,162,Aiken Electric Coop Inc,SC,Orangeburg,45075,Orangeburg County,matched,utility_service_territory_coverage,eia_861_coverage_v0,annual_eia861_service_territory_not_monthly
2024,162,Aiken Electric Coop Inc,SC,Saluda,45081,Saluda County,matched,utility_service_territory_coverage,eia_861_coverage_v0,annual_eia861_service_territory_not_monthly
2024,174,Aitkin Public Utilities Comm,MN,Aitkin,27001,Aitkin County,matched,utility_service_territory_coverage,eia_861_coverage_v0,annual_eia861_service_territory_not_monthly
2024,176,Ajo Improvement Co,AZ,Pima,04019,Pima County,matched,utility_service_territory_coverage,eia_861_coverage_v0,annual_eia861_service_territory_not_monthly
2024,182,City of Akron - (IA),IA,Plymouth,19149,Plymouth County,matched,utility_service_territory_coverage,eia_861_coverage_v0,annual_eia861_service_territory_not_monthly
2024,183,Village of Akron - (NY),NY,Erie,36029,Erie County,matched,utility_service_territory_coverage,eia_861_coverage_v0,annual_eia861_service_territory_not_monthly
2024,191,Alamo Power District No 3,NV,Lincoln,32017,Lincoln County,matched,utility_service_territory_coverage,eia_861_coverage_v0,annual_eia861_service_territory_not_monthly
2024,192,Akiachak Native Community Electric,AK,Bethel,02050,Bethel Census Area,matched,utility_service_territory_coverage,eia_861_coverage_v0,annual_eia861_service_territory_not_monthly
2024,195,Alabama Power Co,AL,Autauga,01001,Autauga County,matched,utility_service_territory_coverage,eia_861_coverage_v0,annual_eia861_service_territory_not_monthly
2024,195,Alabama Power Co,AL,Baldwin,01003,Baldwin County,matched,utility_service_territory_coverage,eia_861_coverage_v0,annual_eia861_service_territory_not_monthly
2024,195,Alabama Power Co,AL,Barbour,01005,Barbour County,matched,utility_service_territory_coverage,eia_861_coverage_v0,annual_eia861_service_territory_not_monthly
2024,195,Alabama Power Co,AL,Bibb,01007,Bibb County,matched,utility_service_territory_coverage,eia_861_coverage_v0,annual_eia861_service_territory_not_monthly
2024,195,Alabama Power Co,AL,Blount,01009,Blount County,matched,utility_service_territory_coverage,eia_861_coverage_v0,annual_eia861_service_territory_not_monthly
2024,195,Alabama Power Co,AL,Bullock,01011,Bullock County,matched,utility_service_territory_coverage,eia_861_coverage_v0,annual_eia861_service_territory_not_monthly
2024,195,Alabama Power Co,AL,Butler,01013,Butler County,matched,utility_service_territory_coverage,eia_861_coverage_v0,annual_eia861_service_territory_not_monthly
2024,195,Alabama Power Co,AL,Calhoun,01015,Calhoun County,matched,utility_service_territory_coverage,eia_861_coverage_v0,annual_eia861_service_territory_not_monthly
2024,195,Alabama Power Co,AL,Chambers,01017,Chambers County,matched,utility_service_territory_coverage,eia_861_coverage_v0,annual_eia861_service_territory_not_monthly
2024,195,Alabama Power Co,AL,Cherokee,01019,Cherokee County,matched,utility_service_territory_coverage,eia_861_coverage_v0,annual_eia861_service_territory_not_monthly
2024,195,Alabama Power Co,AL,Chilton,01021,Chilton County,matched,utility_service_territory_coverage,eia_861_coverage_v0,annual_eia861_service_territory_not_monthly
2024,195,Alabama Power Co,AL,Choctaw,01023,Choctaw County,matched,utility_service_territory_coverage,eia_861_coverage_v0,annual_eia861_service_territory_not_monthly
2024,195,Alabama Power Co,AL,Clarke,01025,Clarke County,matched,utility_service_territory_coverage,eia_861_coverage_v0,annual_eia861_service_territory_not_monthly
2024,195,Alabama Power Co,AL,Clay,01027,Clay County,matched,utility_service_territory_coverage,eia_861_coverage_v0,annual_eia861_service_territory_not_monthly
2024,195,Alabama Power Co,AL,Cleburne,01029,Cleburne County,matched,utility_service_territory_coverage,eia_861_coverage_v0,annual_eia861_service_territory_not_monthly
2024,195,Alabama Power Co,AL,Coffee,01031,Coffee County,matched,utility_service_territory_coverage,eia_861_coverage_v0,annual_eia861_service_territory_not_monthly
2024,195,Alabama Power Co,AL,Conecuh,01035,Conecuh County,matched,utility_service_territory_coverage,eia_861_coverage_v0,annual_eia861_service_territory_not_monthly
2024,195,Alabama Power Co,AL,Coosa,01037,Coosa County,matched,utility_service_territory_coverage,eia_861_coverage_v0,annual_eia861_service_territory_not_monthly
2024,195,Alabama Power Co,AL,Covington,01039,Covington County,matched,utility_service_territory_coverage,eia_861_coverage_v0,annual_eia861_service_territory_not_monthly
2024,195,Alabama Power Co,AL,Crenshaw,01041,Crenshaw County,matched,utility_service_territory_coverage,eia_861_coverage_v0,annual_eia861_service_territory_not_monthly
2024,195,Alabama Power Co,AL,Cullman,01043,Cullman County,matched,utility_service_territory_coverage,eia_861_coverage_v0,annual_eia861_service_territory_not_monthly
2024,195,Alabama Power Co,AL,Dale,01045,Dale County,matched,utility_service_territory_coverage,eia_861_coverage_v0,annual_eia861_service_territory_not_monthly
2024,195,Alabama Power Co,AL,Dallas,01047,Dallas County,matched,utility_service_territory_coverage,eia_861_coverage_v0,annual_eia861_service_territory_not_monthly
2024,195,Alabama Power Co,AL,Elmore,01051,Elmore County,matched,utility_service_territory_coverage,eia_861_coverage_v0,annual_eia861_service_territory_not_monthly
2024,195,Alabama Power Co,AL,Escambia,01053,Escambia County,matched,utility_service_territory_coverage,eia_861_coverage_v0,annual_eia861_service_territory_not_monthly
2024,195,Alabama Power Co,AL,Etowah,01055,Etowah County,matched,utility_service_territory_coverage,eia_861_coverage_v0,annual_eia861_service_territory_not_monthly
2024,195,Alabama Power Co,AL,Fayette,01057,Fayette County,matched,utility_service_territory_coverage,eia_861_coverage_v0,annual_eia861_service_territory_not_monthly
2024,195,Alabama Power Co,AL,Franklin,01059,Franklin County,matched,utility_service_territory_coverage,eia_861_coverage_v0,annual_eia861_service_territory_not_monthly
2024,195,Alabama Power Co,AL,Geneva,01061,Geneva County,matched,utility_service_territory_coverage,eia_861_coverage_v0,annual_eia861_service_territory_not_monthly
2024,195,Alabama Power Co,AL,Greene,01063,Greene County,matched,utility_service_territory_coverage,eia_861_coverage_v0,annual_eia861_service_territory_not_monthly
2024,195,Alabama Power Co,AL,Hale,01065,Hale County,matched,utility_service_territory_coverage,eia_861_coverage_v0,annual_eia861_service_territory_not_monthly
2024,195,Alabama Power Co,AL,Henry,01067,Henry County,matched,utility_service_territory_coverage,eia_861_coverage_v0,annual_eia861_service_territory_not_monthly
2024,195,Alabama Power Co,AL,Houston,01069,Houston County,matched,utility_service_territory_coverage,eia_861_coverage_v0,annual_eia861_service_territory_not_monthly
2024,195,Alabama Power Co,AL,Jefferson,01073,Jefferson County,matched,utility_service_territory_coverage,eia_861_coverage_v0,annual_eia861_service_territory_not_monthly
2024,195,Alabama Power Co,AL,Lamar,01075,Lamar County,matched,utility_service_territory_coverage,eia_861_coverage_v0,annual_eia861_service_territory_not_monthly
2024,195,Alabama Power Co,AL,Lawrence,01079,Lawrence County,matched,utility_service_territory_coverage,eia_861_coverage_v0,annual_eia861_service_territory_not_monthly
2024,195,Alabama Power Co,AL,Lee,01081,Lee County,matched,utility_service_territory_coverage,eia_861_coverage_v0,annual_eia861_service_territory_not_monthly
2024,195,Alabama Power Co,AL,Lowndes,01085,Lowndes County,matched,utility_service_territory_coverage,eia_861_coverage_v0,annual_eia861_service_territory_not_monthly
2024,195,Alabama Power Co,AL,Macon,01087,Macon County,matched,utility_service_territory_coverage,eia_861_coverage_v0,annual_eia861_service_territory_not_monthly
2024,195,Alabama Power Co,AL,Marengo,01091,Marengo County,matched,utility_service_territory_coverage,eia_861_coverage_v0,annual_eia861_service_territory_not_monthly
2024,195,Alabama Power Co,AL,Marion,01093,Marion County,matched,utility_service_territory_coverage,eia_861_coverage_v0,annual_eia861_service_territory_not_monthly
2024,195,Alabama Power Co,AL,Marshall,01095,Marshall County,matched,utility_service_territory_coverage,eia_861_coverage_v0,annual_eia861_service_territory_not_monthly
2024,195,Alabama Power Co,AL,Mobile,01097,Mobile County,matched,utility_service_territory_coverage,eia_861_coverage_v0,annual_eia861_service_territory_not_monthly
2024,195,Alabama Power Co,AL,Monroe,01099,Monroe County,matched,utility_service_territory_coverage,eia_861_coverage_v0,annual_eia861_service_territory_not_monthly
2024,195,Alabama Power Co,AL,Montgomery,01101,Montgomery County,matched,utility_service_territory_coverage,eia_861_coverage_v0,annual_eia861_service_territory_not_monthly
2024,195,Alabama Power Co,AL,Perry,01105,Perry County,matched,utility_service_territory_coverage,eia_861_coverage_v0,annual_eia861_service_territory_not_monthly
2024,195,Alabama Power Co,AL,Pickens,01107,Pickens County,matched,utility_service_territory_coverage,eia_861_coverage_v0,annual_eia861_service_territory_not_monthly
2024,195,Alabama Power Co,AL,Randolph,01111,Randolph County,matched,utility_service_territory_coverage,eia_861_coverage_v0,annual_eia861_service_territory_not_monthly
2024,195,Alabama Power Co,AL,Russell,01113,Russell County,matched,utility_service_territory_coverage,eia_861_coverage_v0,annual_eia861_service_territory_not_monthly
2024,195,Alabama Power Co,AL,Shelby,01117,Shelby County,matched,utility_service_territory_coverage,eia_861_coverage_v0,annual_eia861_service_territory_not_monthly
2024,195,Alabama Power Co,AL,St Clair,01115,St. Clair County,matched,utility_service_territory_coverage,eia_861_coverage_v0,annual_eia861_service_territory_not_monthly
2024,195,Alabama Power Co,AL,Sumter,01119,Sumter County,matched,utility_service_territory_coverage,eia_861_coverage_v0,annual_eia861_service_territory_not_monthly
2024,195,Alabama Power Co,AL,Talladega,01121,Talladega County,matched,utility_service_territory_coverage,eia_861_coverage_v0,annual_eia861_service_territory_not_monthly
2024,195,Alabama Power Co,AL,Tallapoosa,01123,Tallapoosa County,matched,utility_service_territory_coverage,eia_861_coverage_v0,annual_eia861_service_territory_not_monthly
2024,195,Alabama Power Co,AL,Tuscaloosa,01125,Tuscaloosa County,matched,utility_service_territory_coverage,eia_861_coverage_v0,annual_eia861_service_territory_not_monthly
2024,195,Alabama Power Co,AL,Walker,01127,Walker County,matched,utility_service_territory_coverage,eia_861_coverage_v0,annual_eia861_service_territory_not_monthly
2024,195,Alabama Power Co,AL,Washington,01129,Washington County,matched,utility_service_territory_coverage,eia_861_coverage_v0,annual_eia861_service_territory_not_monthly
2024,195,Alabama Power Co,AL,Wilcox,01131,Wilcox County,matched,utility_service_territory_coverage,eia_861_coverage_v0,annual_eia861_service_territory_not_monthly
2024,195,Alabama Power Co,AL,Winston,01133,Winston County,matched,utility_service_territory_coverage,eia_861_coverage_v0,annual_eia861_service_territory_not_monthly
2024,198,City of Alton,IA,Sioux,19167,Sioux County,matched,utility_service_territory_coverage,eia_861_coverage_v0,annual_eia861_service_territory_not_monthly
2024,201,City of Alachua - (FL),FL,Alachua,12001,Alachua County,matched,utility_service_territory_coverage,eia_861_coverage_v0,annual_eia861_service_territory_not_monthly
2024,202,Town of Black Creek - (NC),NC,Wilson,37195,Wilson County,matched,utility_service_territory_coverage,eia_861_coverage_v0,annual_eia861_service_territory_not_monthly
2024,207,Alameda Municipal Power,CA,Alameda,06001,Alameda County,matched,utility_service_territory_coverage,eia_861_coverage_v0,annual_eia861_service_territory_not_monthly
2024,213,Alaska Electric Light & Power Co.,AK,Juneau,02110,Juneau City and Borough,matched,utility_service_territory_coverage,eia_861_coverage_v0,annual_eia861_service_territory_not_monthly
2024,219,Alaska Power and Telephone Co,AK,Haines,02100,Haines Borough,matched,utility_service_territory_coverage,eia_861_coverage_v0,annual_eia861_service_territory_not_monthly
2024,219,Alaska Power and Telephone Co,AK,Prince of Wales Ketchikan,02198,Prince of Wales-Hyder Census Area,matched,utility_service_territory_coverage,eia_861_coverage_v0,annual_eia861_service_territory_not_monthly
2024,219,Alaska Power and Telephone Co,AK,Skagway Hoonah Angoon,,,unmatched,utility_service_territory_coverage,eia_861_coverage_v0,annual_eia861_service_territory_not_monthly
2024,219,Alaska Power and Telephone Co,AK,Yukon Koyukuk,02290,Yukon-Koyukuk Census Area,matched,utility_service_territory_coverage,eia_861_coverage_v0,annual_eia861_service_territory_not_monthly
2024,221,"Alaska Village Elec Coop, Inc",AK,Bethel,02050,Bethel Census Area,matched,utility_service_territory_coverage,eia_861_coverage_v0,annual_eia861_service_territory_not_monthly
2024,221,"Alaska Village Elec Coop, Inc",AK,Dillingham,02070,Dillingham Census Area,matched,utility_service_territory_coverage,eia_861_coverage_v0,annual_eia861_service_territory_not_monthly
2024,221,"Alaska Village Elec Coop, Inc",AK,Kodiak Island,02150,Kodiak Island Borough,matched,utility_service_territory_coverage,eia_861_coverage_v0,annual_eia861_service_territory_not_monthly
2024,221,"Alaska Village Elec Coop, Inc",AK,Kusilvak,02158,Kusilvak Census Area,matched,utility_service_territory_coverage,eia_861_coverage_v0,annual_eia861_service_territory_not_monthly
2024,221,"Alaska Village Elec Coop, Inc",AK,Nome,02180,Nome Census Area,matched,utility_service_territory_coverage,eia_861_coverage_v0,annual_eia861_service_territory_not_monthly
2024,221,"Alaska Village Elec Coop, Inc",AK,Northwest Arctic,02188,Northwest Arctic Borough,matched,utility_service_territory_coverage,eia_861_coverage_v0,annual_eia861_service_territory_not_monthly
2024,221,"Alaska Village Elec Coop, Inc",AK,Yakutat,02282,Yakutat City and Borough,matched,utility_service_territory_coverage,eia_861_coverage_v0,annual_eia861_service_territory_not_monthly
2024,221,"Alaska Village Elec Coop, Inc",AK,Yukon Koyukuk,02290,Yukon-Koyukuk Census Area,matched,utility_service_territory_coverage,eia_861_coverage_v0,annual_eia861_service_territory_not_monthly
2024,228,City of Albany - (MO),MO,Gentry,29075,Gentry County,matched,utility_service_territory_coverage,eia_861_coverage_v0,annual_eia861_service_territory_not_monthly
2024,229,City of Albany - (IL),IL,Whiteside,17195,Whiteside County,matched,utility_service_territory_coverage,eia_861_coverage_v0,annual_eia861_service_territory_not_monthly
2024,230,Albany Utility Board,GA,Dougherty,13095,Dougherty County,matched,utility_service_territory_coverage,eia_861_coverage_v0,annual_eia861_service_territory_not_monthly
2024,230,Albany Utility Board,GA,Lee,13177,Lee County,matched,utility_service_territory_coverage,eia_861_coverage_v0,annual_eia861_service_territory_not_monthly
2024,232,City of Albemarle - (NC),NC,Stanly,37167,Stanly County,matched,utility_service_territory_coverage,eia_861_coverage_v0,annual_eia861_service_territory_not_monthly
2024,240,Albemarle Electric Member Corp,NC,Camden,37029,Camden County,matched,utility_service_territory_coverage,eia_861_coverage_v0,annual_eia861_service_territory_not_monthly
2024,240,Albemarle Electric Member Corp,NC,Chowan,37041,Chowan County,matched,utility_service_territory_coverage,eia_861_coverage_v0,annual_eia861_service_territory_not_monthly
2024,240,Albemarle Electric Member Corp,NC,Currituck,37053,Currituck County,matched,utility_service_territory_coverage,eia_861_coverage_v0,annual_eia861_service_territory_not_monthly
2024,240,Albemarle Electric Member Corp,NC,Pasquotank,37139,Pasquotank County,matched,utility_service_territory_coverage,eia_861_coverage_v0,annual_eia861_service_territory_not_monthly
2024,240,Albemarle Electric Member Corp,NC,Perquimans,37143,Perquimans County,matched,utility_service_territory_coverage,eia_861_coverage_v0,annual_eia861_service_territory_not_monthly
2024,241,Albertville Municipal Utilities Board,AL,Marshall,01095,Marshall County,matched,utility_service_territory_coverage,eia_861_coverage_v0,annual_eia861_service_territory_not_monthly
2024,244,City of Albion - (ID),ID,Cassia,16031,Cassia County,matched,utility_service_territory_coverage,eia_861_coverage_v0,annual_eia861_service_territory_not_monthly
2024,261,AGC Division of APGI Inc,IN,Warrick,18173,Warrick County,matched,utility_service_territory_coverage,eia_861_coverage_v0,annual_eia861_service_territory_not_monthly
2024,266,City of Alpha - (MN),MN,Jackson,27063,Jackson County,matched,utility_service_territory_coverage,eia_861_coverage_v0,annual_eia861_service_territory_not_monthly
2024,276,Alcorn County Elec Power Assn,MS,Alcorn,28003,Alcorn County,matched,utility_service_territory_coverage,eia_861_coverage_v0,annual_eia861_service_territory_not_monthly
2024,282,Village of Arcadia - (OH),OH,Hancock,39063,Hancock County,matched,utility_service_territory_coverage,eia_861_coverage_v0,annual_eia861_service_territory_not_monthly
2024,289,City of Alexander City,AL,Tallapoosa,01123,Tallapoosa County,matched,utility_service_territory_coverage,eia_861_coverage_v0,annual_eia861_service_territory_not_monthly
2024,295,City of Alexandria - (MN),MN,Douglas,27041,Douglas County,matched,utility_service_territory_coverage,eia_861_coverage_v0,annual_eia861_service_territory_not_monthly
2024,296,"Alfalfa Electric Coop, Inc",KS,Barber,20007,Barber County,matched,utility_service_territory_coverage,eia_861_coverage_v0,annual_eia861_service_territory_not_monthly
2024,296,"Alfalfa Electric Coop, Inc",KS,Harper,20077,Harper County,matched,utility_service_territory_coverage,eia_861_coverage_v0,annual_eia861_service_territory_not_monthly
2024,296,"Alfalfa Electric Coop, Inc",OK,Alfalfa,40003,Alfalfa County,matched,utility_service_territory_coverage,eia_861_coverage_v0,annual_eia861_service_territory_not_monthly
2024,296,"Alfalfa Electric Coop, Inc",OK,Garfield,40047,Garfield County,matched,utility_service_territory_coverage,eia_861_coverage_v0,annual_eia861_service_territory_not_monthly
2024,296,"Alfalfa Electric Coop, Inc",OK,Grant,40053,Grant County,matched,utility_service_territory_coverage,eia_861_coverage_v0,annual_eia861_service_territory_not_monthly
2024,296,"Alfalfa Electric Coop, Inc",OK,Major,40093,Major County,matched,utility_service_territory_coverage,eia_861_coverage_v0,annual_eia861_service_territory_not_monthly
2024,296,"Alfalfa Electric Coop, Inc",OK,Woods,40151,Woods County,matched,utility_service_territory_coverage,eia_861_coverage_v0,annual_eia861_service_territory_not_monthly
2024,298,City of Alexandria - (LA),LA,Rapides,22079,Rapides Parish,matched,utility_service_territory_coverage,eia_861_coverage_v0,annual_eia861_service_territory_not_monthly
2024,305,Alger-Delta Coop Electric Assn,MI,Alger,26003,Alger County,matched,utility_service_territory_coverage,eia_861_coverage_v0,annual_eia861_service_territory_not_monthly
2024,305,Alger-Delta Coop Electric Assn,MI,Delta,26041,Delta County,matched,utility_service_territory_coverage,eia_861_coverage_v0,annual_eia861_service_territory_not_monthly
2024,305,Alger-Delta Coop Electric Assn,MI,Dickinson,26043,Dickinson County,matched,utility_service_territory_coverage,eia_861_coverage_v0,annual_eia861_service_territory_not_monthly
2024,305,Alger-Delta Coop Electric Assn,MI,Marquette,26103,Marquette County,matched,utility_service_territory_coverage,eia_861_coverage_v0,annual_eia861_service_territory_not_monthly
2024,305,Alger-Delta Coop Electric Assn,MI,Menominee,26109,Menominee County,matched,utility_service_territory_coverage,eia_861_coverage_v0,annual_eia861_service_territory_not_monthly
2024,305,Alger-Delta Coop Electric Assn,MI,Schoolcraft,26153,Schoolcraft County,matched,utility_service_territory_coverage,eia_861_coverage_v0,annual_eia861_service_territory_not_monthly
2024,307,Algoma Utility Comm,WI,Kewaunee,55061,Kewaunee County,matched,utility_service_territory_coverage,eia_861_coverage_v0,annual_eia861_service_territory_not_monthly
2024,308,City of Acworth - (GA),GA,Bartow,13015,Bartow County,matched,utility_service_territory_coverage,eia_861_coverage_v0,annual_eia861_service_territory_not_monthly
2024,308,City of Acworth - (GA),GA,Cobb,13067,Cobb County,matched,utility_service_territory_coverage,eia_861_coverage_v0,annual_eia861_service_territory_not_monthly
2024,309,City of Algona - (IA),IA,Kossuth,19109,Kossuth County,matched,utility_service_territory_coverage,eia_861_coverage_v0,annual_eia861_service_territory_not_monthly
2024,329,"Allamakee-Clayton El Coop, Inc",IA,Allamakee,19005,Allamakee County,matched,utility_service_territory_coverage,eia_861_coverage_v0,annual_eia861_service_territory_not_monthly
2024,329,"Allamakee-Clayton El Coop, Inc",IA,Bremer,19017,Bremer County,matched,utility_service_territory_coverage,eia_861_coverage_v0,annual_eia861_service_territory_not_monthly
2024,329,"Allamakee-Clayton El Coop, Inc",IA,Chickasaw,19037,Chickasaw County,matched,utility_service_territory_coverage,eia_861_coverage_v0,annual_eia861_service_territory_not_monthly
2024,329,"Allamakee-Clayton El Coop, Inc",IA,Clayton,19043,Clayton County,matched,utility_service_territory_coverage,eia_861_coverage_v0,annual_eia861_service_territory_not_monthly
2024,329,"Allamakee-Clayton El Coop, Inc",IA,Delaware,19055,Delaware County,matched,utility_service_territory_coverage,eia_861_coverage_v0,annual_eia861_service_territory_not_monthly
2024,329,"Allamakee-Clayton El Coop, Inc",IA,Dubuque,19061,Dubuque County,matched,utility_service_territory_coverage,eia_861_coverage_v0,annual_eia861_service_territory_not_monthly
2024,329,"Allamakee-Clayton El Coop, Inc",IA,Fayette,19065,Fayette County,matched,utility_service_territory_coverage,eia_861_coverage_v0,annual_eia861_service_territory_not_monthly
2024,329,"Allamakee-Clayton El Coop, Inc",IA,Winneshiek,19191,Winneshiek County,matched,utility_service_territory_coverage,eia_861_coverage_v0,annual_eia861_service_territory_not_monthly
2024,366,City of Allendale- (IL),IL,Wabash,17185,Wabash County,matched,utility_service_territory_coverage,eia_861_coverage_v0,annual_eia861_service_territory_not_monthly
2024,367,City of Alliance- (NE),NE,Box Butte,31013,Box Butte County,matched,utility_service_territory_coverage,eia_861_coverage_v0,annual_eia861_service_territory_not_monthly
2024,367,City of Alliance- (NE),NE,Morrill,31123,Morrill County,matched,utility_service_territory_coverage,eia_861_coverage_v0,annual_eia861_service_territory_not_monthly
2024,385,City of Alma - (KS),KS,Wabaunsee,20197,Wabaunsee County,matched,utility_service_territory_coverage,eia_861_coverage_v0,annual_eia861_service_territory_not_monthly
2024,392,Alpena Power Co,MI,Alcona,26001,Alcona County,matched,utility_service_territory_coverage,eia_861_coverage_v0,annual_eia861_service_territory_not_monthly
2024,392,Alpena Power Co,MI,Alpena,26007,Alpena County,matched,utility_service_territory_coverage,eia_861_coverage_v0,annual_eia861_service_territory_not_monthly
2024,392,Alpena Power Co,MI,Montmorency,26119,Montmorency County,matched,utility_service_territory_coverage,eia_861_coverage_v0,annual_eia861_service_territory_not_monthly
2024,392,Alpena Power Co,MI,Presque Isle,26141,Presque Isle County,matched,utility_service_territory_coverage,eia_861_coverage_v0,annual_eia861_service_territory_not_monthly
2024,405,City of Alta - (IA),IA,Buena Vista,19021,Buena Vista County,matched,utility_service_territory_coverage,eia_861_coverage_v0,annual_eia861_service_territory_not_monthly
2024,406,City of Altamont - (IL),IL,Effingham,17049,Effingham County,matched,utility_service_territory_coverage,eia_861_coverage_v0,annual_eia861_service_territory_not_monthly
2024,407,Altamaha Electric Member Corp,GA,Emanuel,13107,Emanuel County,matched,utility_service_territory_coverage,eia_861_coverage_v0,annual_eia861_service_territory_not_monthly
2024,407,Altamaha Electric Member Corp,GA,Johnson,13167,Johnson County,matched,utility_service_territory_coverage,eia_861_coverage_v0,annual_eia861_service_territory_not_monthly
2024,407,Altamaha Electric Member Corp,GA,Laurens,13175,Laurens County,matched,utility_service_territory_coverage,eia_861_coverage_v0,annual_eia861_service_territory_not_monthly
2024,407,Altamaha Electric Member Corp,GA,Montgomery,13209,Montgomery County,matched,utility_service_territory_coverage,eia_861_coverage_v0,annual_eia861_service_territory_not_monthly
2024,407,Altamaha Electric Member Corp,GA,Tattnall,13267,Tattnall County,matched,utility_service_territory_coverage,eia_861_coverage_v0,annual_eia861_service_territory_not_monthly
2024,407,Altamaha Electric Member Corp,GA,Toombs,13279,Toombs County,matched,utility_service_territory_coverage,eia_861_coverage_v0,annual_eia861_service_territory_not_monthly
2024,407,Altamaha Electric Member Corp,GA,Treutlen,13283,Treutlen County,matched,utility_service_territory_coverage,eia_861_coverage_v0,annual_eia861_service_territory_not_monthly
2024,408,City of Altamont - (KS),KS,Labette,20099,Labette County,matched,utility_service_territory_coverage,eia_861_coverage_v0,annual_eia861_service_territory_not_monthly
2024,416,City of Altus - (OK),OK,Jackson,40065,Jackson County,matched,utility_service_territory_coverage,eia_861_coverage_v0,annual_eia861_service_territory_not_monthly
2024,432,City of Alta Vista- (IA),IA,Chickasaw,19037,Chickasaw County,matched,utility_service_territory_coverage,eia_861_coverage_v0,annual_eia861_service_territory_not_monthly
2024,471,Amana Society Service Co,IA,Iowa,19095,Iowa County,matched,utility_service_territory_coverage,eia_861_coverage_v0,annual_eia861_service_territory_not_monthly
