q_id,entity,q_status,type_clean,state,county,county_fips,geo_level,month,month_source,mw_1,region,metric_label,not_data_center_permits
not assigned,APS,withdrawn,Solar,AZ,Coconino,04005,county_fips,2019-02,q_date,20.0,West,generation_storage_interconnection_queue_activity,true
Q007 - 061,APS,operational,Other,AZ,Navajo,04017,county_fips,2005-05,q_date,24.0,West,generation_storage_interconnection_queue_activity,true
Q044a.,APS,withdrawn,Solar,AZ,Yuma,04027,county_fips,2008-05,q_date,900.0,West,generation_storage_interconnection_queue_activity,true
Q044b.,APS,withdrawn,Solar,AZ,Maricopa,04013,county_fips,2008-05,q_date,300.0,West,generation_storage_interconnection_queue_activity,true
Q1,APS,withdrawn,Coal,NM,San Juan,35045,county_fips,2004-02,q_date,700.0,West,generation_storage_interconnection_queue_activity,true
Q10,APS,withdrawn,Wind,AZ,Coconino,04005,county_fips,2006-03,q_date,60.0,West,generation_storage_interconnection_queue_activity,true
Q100,APS,withdrawn,Solar,AZ,Maricopa,04013,county_fips,2010-03,q_date,20.0,West,generation_storage_interconnection_queue_activity,true
Q101,APS,withdrawn,Solar,AZ,Maricopa,04013,county_fips,2010-02,q_date,20.0,West,generation_storage_interconnection_queue_activity,true
Q102,APS,withdrawn,Solar,AZ,Maricopa,04013,county_fips,2010-03,q_date,20.0,West,generation_storage_interconnection_queue_activity,true
Q103,APS,withdrawn,Solar,AZ,Maricopa,04013,county_fips,2010-02,q_date,20.0,West,generation_storage_interconnection_queue_activity,true
Q104,APS,withdrawn,Solar,AZ,Maricopa,04013,county_fips,2010-03,q_date,20.0,West,generation_storage_interconnection_queue_activity,true
Q105,APS,withdrawn,Solar,AZ,Maricopa,04013,county_fips,2010-03,q_date,20.0,West,generation_storage_interconnection_queue_activity,true
Q106,APS,withdrawn,Wind,AZ,Navajo,04017,county_fips,2010-03,q_date,200.0,West,generation_storage_interconnection_queue_activity,true
Q107,APS,withdrawn,Wind,AZ,Yavapai,04025,county_fips,2010-03,q_date,120.0,West,generation_storage_interconnection_queue_activity,true
Q108,APS,withdrawn,Solar,AZ,Yuma,04027,county_fips,2010-03,q_date,9.38,West,generation_storage_interconnection_queue_activity,true
Q109,APS,withdrawn,Solar,AZ,Maricopa,04013,county_fips,2010-03,q_date,30.0,West,generation_storage_interconnection_queue_activity,true
Q11,APS,withdrawn,Gas,AZ,Maricopa,04013,county_fips,2005-11,q_date,597.0,West,generation_storage_interconnection_queue_activity,true
Q110,APS,withdrawn,Solar,AZ,Maricopa,04013,county_fips,2010-03,q_date,30.0,West,generation_storage_interconnection_queue_activity,true
Q111,APS,withdrawn,Solar,AZ,Maricopa,04013,county_fips,2010-03,q_date,30.0,West,generation_storage_interconnection_queue_activity,true
Q112,APS,withdrawn,Solar,AZ,Maricopa,04013,county_fips,2010-03,q_date,30.0,West,generation_storage_interconnection_queue_activity,true
Q113,APS,operational,Wind,AZ,Coconino,04005,county_fips,2010-03,q_date,101.0,West,generation_storage_interconnection_queue_activity,true
Q114,APS,withdrawn,Solar,AZ,La Paz,04012,county_fips,2010-03,q_date,50.0,West,generation_storage_interconnection_queue_activity,true
Q115,APS,withdrawn,Solar,AZ,Maricopa,04013,county_fips,2010-03,q_date,20.0,West,generation_storage_interconnection_queue_activity,true
Q116,APS,withdrawn,Solar,AZ,Maricopa,04013,county_fips,2010-03,q_date,20.0,West,generation_storage_interconnection_queue_activity,true
Q117,APS,withdrawn,Solar,AZ,Maricopa,04013,county_fips,2010-03,q_date,18.0,West,generation_storage_interconnection_queue_activity,true
Q118,APS,withdrawn,Solar,AZ,Maricopa,04013,county_fips,2010-03,q_date,20.0,West,generation_storage_interconnection_queue_activity,true
Q119,APS,withdrawn,Solar,AZ,Maricopa,04013,county_fips,2010-03,q_date,20.0,West,generation_storage_interconnection_queue_activity,true
Q12,APS,withdrawn,Gas,AZ,Yuma,04027,county_fips,2005-08,q_date,206.0,West,generation_storage_interconnection_queue_activity,true
Q120,APS,withdrawn,Solar,AZ,Maricopa,04013,county_fips,2010-04,q_date,20.0,West,generation_storage_interconnection_queue_activity,true
Q121,APS,withdrawn,Solar,AZ,Maricopa,04013,county_fips,2010-04,q_date,20.0,West,generation_storage_interconnection_queue_activity,true
Q122,APS,withdrawn,Solar,AZ,Maricopa,04013,county_fips,2010-03,q_date,20.0,West,generation_storage_interconnection_queue_activity,true
Q123,APS,withdrawn,Solar,AZ,Maricopa,04013,county_fips,2010-04,q_date,15.0,West,generation_storage_interconnection_queue_activity,true
Q124,APS,withdrawn,Solar,AZ,Maricopa,04013,county_fips,2010-04,q_date,20.0,West,generation_storage_interconnection_queue_activity,true
Q125,APS,withdrawn,Solar,AZ,Maricopa,04013,county_fips,2010-04,q_date,20.0,West,generation_storage_interconnection_queue_activity,true
Q126,APS,withdrawn,Solar,AZ,Maricopa,04013,county_fips,2010-04,q_date,20.0,West,generation_storage_interconnection_queue_activity,true
Q127,APS,withdrawn,Solar,AZ,Maricopa,04013,county_fips,2010-04,q_date,20.0,West,generation_storage_interconnection_queue_activity,true
Q128,APS,withdrawn,Solar,AZ,Maricopa,04013,county_fips,2010-04,q_date,20.0,West,generation_storage_interconnection_queue_activity,true
Q129,APS,withdrawn,Solar,AZ,Maricopa,04013,county_fips,2010-04,q_date,20.0,West,generation_storage_interconnection_queue_activity,true
Q13,APS,withdrawn,Gas,AZ,Yuma,04027,county_fips,2005-08,q_date,165.0,West,generation_storage_interconnection_queue_activity,true
Q130,APS,withdrawn,Solar,AZ,Maricopa,04013,county_fips,2010-04,q_date,20.0,West,generation_storage_interconnection_queue_activity,true
Q131,APS,withdrawn,Solar,AZ,Maricopa,04013,county_fips,2010-04,q_date,20.0,West,generation_storage_interconnection_queue_activity,true
Q132,APS,withdrawn,Solar,AZ,Maricopa,04013,county_fips,2010-04,q_date,20.0,West,generation_storage_interconnection_queue_activity,true
Q133,APS,withdrawn,Solar,AZ,Yuma,04027,county_fips,2010-04,q_date,20.0,West,generation_storage_interconnection_queue_activity,true
Q134,APS,withdrawn,Solar,AZ,Maricopa,04013,county_fips,2010-06,q_date,20.0,West,generation_storage_interconnection_queue_activity,true
Q135,APS,withdrawn,Solar,AZ,Maricopa,04013,county_fips,2010-04,q_date,20.0,West,generation_storage_interconnection_queue_activity,true
Q136,APS,withdrawn,Solar,AZ,Maricopa,04013,county_fips,2010-04,q_date,20.0,West,generation_storage_interconnection_queue_activity,true
Q137,APS,withdrawn,Solar,AZ,Navajo,04017,county_fips,2010-06,q_date,50.0,West,generation_storage_interconnection_queue_activity,true
Q138,APS,withdrawn,Solar,AZ,Maricopa,04013,county_fips,2010-04,q_date,20.0,West,generation_storage_interconnection_queue_activity,true
Q139,APS,withdrawn,Solar,AZ,Maricopa,04013,county_fips,2010-04,q_date,20.0,West,generation_storage_interconnection_queue_activity,true
Q14,APS,withdrawn,Gas,AZ,Yuma,04027,county_fips,2005-11,q_date,99.0,West,generation_storage_interconnection_queue_activity,true
Q140,APS,withdrawn,Solar,AZ,Maricopa,04013,county_fips,2010-06,q_date,20.0,West,generation_storage_interconnection_queue_activity,true
Q141,APS,withdrawn,Solar,AZ,Maricopa,04013,county_fips,2010-06,q_date,20.0,West,generation_storage_interconnection_queue_activity,true
Q142,APS,withdrawn,Wind,AZ,Apache,04001,county_fips,2010-04,q_date,99.0,West,generation_storage_interconnection_queue_activity,true
Q143,APS,withdrawn,Solar,AZ,Maricopa,04013,county_fips,2010-04,q_date,50.0,West,generation_storage_interconnection_queue_activity,true
Q144,APS,withdrawn,Solar,AZ,Maricopa,04013,county_fips,2010-04,q_date,20.0,West,generation_storage_interconnection_queue_activity,true
Q145,APS,withdrawn,Solar,AZ,Maricopa,04013,county_fips,2010-06,q_date,50.0,West,generation_storage_interconnection_queue_activity,true
Q146,APS,withdrawn,Solar,AZ,La Paz,04012,county_fips,2010-06,q_date,20.0,West,generation_storage_interconnection_queue_activity,true
Q147,APS,withdrawn,Solar,AZ,Maricopa,04013,county_fips,2010-06,q_date,20.0,West,generation_storage_interconnection_queue_activity,true
Q148,APS,withdrawn,Solar,AZ,Maricopa,04013,county_fips,2010-06,q_date,20.0,West,generation_storage_interconnection_queue_activity,true
Q149,APS,withdrawn,Solar,AZ,Yavapai,04025,county_fips,2010-06,q_date,12.0,West,generation_storage_interconnection_queue_activity,true
Q15,APS,withdrawn,Gas,AZ,Yuma,04027,county_fips,2005-08,q_date,97.0,West,generation_storage_interconnection_queue_activity,true
Q150,APS,withdrawn,Solar,AZ,Maricopa,04013,county_fips,2010-06,q_date,20.0,West,generation_storage_interconnection_queue_activity,true
Q151,APS,withdrawn,Solar,AZ,Yavapai,04025,county_fips,2010-06,q_date,20.0,West,generation_storage_interconnection_queue_activity,true
Q152,APS,withdrawn,Solar,AZ,Yuma,04027,county_fips,2010-06,q_date,20.0,West,generation_storage_interconnection_queue_activity,true
Q153,APS,withdrawn,Solar,AZ,Maricopa,04013,county_fips,2010-06,q_date,20.0,West,generation_storage_interconnection_queue_activity,true
Q154,APS,withdrawn,Solar,AZ,Maricopa,04013,county_fips,2010-06,q_date,20.0,West,generation_storage_interconnection_queue_activity,true
Q155,APS,withdrawn,Solar,AZ,Navajo,04017,county_fips,2010-06,q_date,20.0,West,generation_storage_interconnection_queue_activity,true
Q156,APS,withdrawn,Solar,AZ,Navajo,04017,county_fips,2010-06,q_date,20.0,West,generation_storage_interconnection_queue_activity,true
Q157,APS,withdrawn,Solar,AZ,Maricopa,04013,county_fips,2010-07,q_date,7.0,West,generation_storage_interconnection_queue_activity,true
Q158,APS,withdrawn,Solar,AZ,Yuma,04027,county_fips,2010-07,q_date,20.0,West,generation_storage_interconnection_queue_activity,true
Q159,APS,withdrawn,Solar,AZ,Yuma,04027,county_fips,2010-07,q_date,20.0,West,generation_storage_interconnection_queue_activity,true
Q16,APS,withdrawn,Wind,AZ,Coconino,04005,county_fips,2005-09,q_date,100.0,West,generation_storage_interconnection_queue_activity,true
Q160,APS,withdrawn,Solar,AZ,Maricopa,04013,county_fips,2010-07,q_date,20.0,West,generation_storage_interconnection_queue_activity,true
Q161,APS,withdrawn,Solar,AZ,Yuma,04027,county_fips,2010-08,q_date,12.0,West,generation_storage_interconnection_queue_activity,true
Q162,APS,operational,Solar,AZ,Yavapai,04025,county_fips,2010-08,q_date,19.0,West,generation_storage_interconnection_queue_activity,true
Q163,APS,withdrawn,Solar,AZ,Yuma,04027,county_fips,2010-08,q_date,20.0,West,generation_storage_interconnection_queue_activity,true
Q164,APS,withdrawn,Solar,AZ,Yuma,04027,county_fips,2010-09,q_date,8.0,West,generation_storage_interconnection_queue_activity,true
Q165,APS,withdrawn,Solar,AZ,Maricopa,04013,county_fips,2010-10,q_date,50.0,West,generation_storage_interconnection_queue_activity,true
Q166,APS,withdrawn,Solar,AZ,Cochise,04003,county_fips,2010-10,q_date,20.0,West,generation_storage_interconnection_queue_activity,true
Q167,APS,withdrawn,Solar,AZ,Maricopa,04013,county_fips,2010-10,q_date,20.0,West,generation_storage_interconnection_queue_activity,true
Q168,APS,withdrawn,Solar,AZ,Maricopa,04013,county_fips,2010-10,q_date,20.0,West,generation_storage_interconnection_queue_activity,true
Q169,APS,withdrawn,Other,AZ,Maricopa,04013,county_fips,2010-11,q_date,600.0,West,generation_storage_interconnection_queue_activity,true
Q17,APS,operational,Gas,AZ,Yuma,04027,county_fips,2005-09,q_date,100.0,West,generation_storage_interconnection_queue_activity,true
Q170,APS,withdrawn,Solar,AZ,Pinal,04021,county_fips,2010-11,q_date,5.0,West,generation_storage_interconnection_queue_activity,true
Q171,APS,withdrawn,Solar,AZ,Yavapai,04025,county_fips,2010-12,q_date,20.0,West,generation_storage_interconnection_queue_activity,true
Q172,APS,withdrawn,Solar,AZ,Yavapai,04025,county_fips,2010-12,q_date,20.0,West,generation_storage_interconnection_queue_activity,true
Q173,APS,withdrawn,Solar+Gas,AZ,Maricopa,04013,county_fips,2010-12,q_date,620.0,West,generation_storage_interconnection_queue_activity,true
Q174,APS,withdrawn,Solar,AZ,Maricopa,04013,county_fips,2010-12,q_date,20.0,West,generation_storage_interconnection_queue_activity,true
Q175,APS,withdrawn,Solar,AZ,Maricopa,04013,county_fips,2011-01,q_date,5.0,West,generation_storage_interconnection_queue_activity,true
Q176,APS,withdrawn,Solar,AZ,Maricopa,04013,county_fips,2011-01,q_date,20.0,West,generation_storage_interconnection_queue_activity,true
Q177,APS,withdrawn,Solar,AZ,Maricopa,04013,county_fips,2011-01,q_date,25.0,West,generation_storage_interconnection_queue_activity,true
Q178,APS,withdrawn,Solar,NM,San Juan,35045,county_fips,2011-01,q_date,200.0,West,generation_storage_interconnection_queue_activity,true
Q179,APS,withdrawn,Solar,NM,San Juan,35045,county_fips,2011-01,q_date,100.0,West,generation_storage_interconnection_queue_activity,true
Q18,APS,withdrawn,Gas,AZ,Yuma,04027,county_fips,2005-09,q_date,170.0,West,generation_storage_interconnection_queue_activity,true
Q180,APS,withdrawn,Solar,NM,San Juan,35045,county_fips,2011-01,q_date,100.0,West,generation_storage_interconnection_queue_activity,true
Q181,APS,withdrawn,Solar,NM,San Juan,35045,county_fips,2011-01,q_date,50.0,West,generation_storage_interconnection_queue_activity,true
Q182,APS,withdrawn,Solar,NM,San Juan,35045,county_fips,2011-01,q_date,50.0,West,generation_storage_interconnection_queue_activity,true
Q183,APS,withdrawn,Solar,NM,San Juan,35045,county_fips,2011-01,q_date,100.0,West,generation_storage_interconnection_queue_activity,true
Q184,APS,withdrawn,Solar,AZ,Maricopa,04013,county_fips,2011-01,q_date,300.0,West,generation_storage_interconnection_queue_activity,true
Q185,APS,withdrawn,Solar,AZ,Cochise,04003,county_fips,2011-01,q_date,15.0,West,generation_storage_interconnection_queue_activity,true
Q186,APS,withdrawn,Solar,AZ,Yuma,04027,county_fips,2011-02,q_date,16.0,West,generation_storage_interconnection_queue_activity,true
Q187,APS,withdrawn,Solar,AZ,Maricopa,04013,county_fips,2011-02,q_date,25.0,West,generation_storage_interconnection_queue_activity,true
Q188,APS,withdrawn,Solar,AZ,Maricopa,04013,county_fips,2011-02,q_date,8.0,West,generation_storage_interconnection_queue_activity,true
Q189,APS,withdrawn,Solar,AZ,Maricopa,04013,county_fips,2011-02,q_date,12.0,West,generation_storage_interconnection_queue_activity,true
Q19,APS,withdrawn,Gas,AZ,Yuma,04027,county_fips,2005-09,q_date,95.0,West,generation_storage_interconnection_queue_activity,true
Q190,APS,withdrawn,Solar,AZ,Cochise,04003,county_fips,2011-03,q_date,20.0,West,generation_storage_interconnection_queue_activity,true
Q191,APS,withdrawn,Solar,AZ,Pinal,04021,county_fips,2011-03,q_date,15.0,West,generation_storage_interconnection_queue_activity,true
Q192,APS,withdrawn,Solar,AZ,Maricopa,04013,county_fips,2011-03,q_date,20.0,West,generation_storage_interconnection_queue_activity,true
Q193,APS,withdrawn,Solar,AZ,Maricopa,04013,county_fips,2011-03,q_date,450.0,West,generation_storage_interconnection_queue_activity,true
Q194,APS,withdrawn,Solar,AZ,Yavapai,04025,county_fips,2011-04,q_date,16.0,West,generation_storage_interconnection_queue_activity,true
Q195,APS,withdrawn,Solar,AZ,Maricopa,04013,county_fips,2011-04,q_date,16.0,West,generation_storage_interconnection_queue_activity,true
Q196,APS,operational,Solar+Wind,AZ,Coconino,04005,county_fips,2011-05,q_date,161.0,West,generation_storage_interconnection_queue_activity,true
Q197,APS,withdrawn,Solar+Wind+Battery,AZ,Coconino,04005,county_fips,2011-05,q_date,302.35,West,generation_storage_interconnection_queue_activity,true
Q199,APS,withdrawn,Solar,AZ,Maricopa,04013,county_fips,2011-06,q_date,20.0,West,generation_storage_interconnection_queue_activity,true
Q2,APS,withdrawn,Wind,AZ,Coconino,04005,county_fips,2004-05,q_date,60.0,West,generation_storage_interconnection_queue_activity,true
Q20,APS,operational,Gas,AZ,Maricopa,04013,county_fips,2005-09,q_date,2334.0,West,generation_storage_interconnection_queue_activity,true
Q200,APS,withdrawn,Solar,AZ,Yavapai,04025,county_fips,2011-06,q_date,20.0,West,generation_storage_interconnection_queue_activity,true
Q201,APS,withdrawn,Solar,AZ,Maricopa,04013,county_fips,2011-06,q_date,150.0,West,generation_storage_interconnection_queue_activity,true
Q202,APS,operational,Solar,AZ,Navajo,04017,county_fips,2011-07,q_date,30.0,West,generation_storage_interconnection_queue_activity,true
Q203,APS,withdrawn,Wind,AZ,Coconino,04005,county_fips,2011-07,q_date,250.0,West,generation_storage_interconnection_queue_activity,true
Q204,APS,withdrawn,Solar,AZ,Yuma,04027,county_fips,2011-09,q_date,19.0,West,generation_storage_interconnection_queue_activity,true
Q205,APS,operational,Solar,AZ,Yuma,04027,county_fips,2011-09,q_date,35.0,West,generation_storage_interconnection_queue_activity,true
Q206,APS,withdrawn,Solar,AZ,Yuma,04027,county_fips,2011-10,q_date,12.0,West,generation_storage_interconnection_queue_activity,true
Q207,APS,withdrawn,Solar,AZ,Pinal,04021,county_fips,2011-10,q_date,30.0,West,generation_storage_interconnection_queue_activity,true
Q208,APS,withdrawn,Solar,AZ,Yuma,04027,county_fips,2011-10,q_date,50.0,West,generation_storage_interconnection_queue_activity,true
Q209,APS,withdrawn,Solar,AZ,Yuma,04027,county_fips,2011-10,q_date,50.0,West,generation_storage_interconnection_queue_activity,true
Q21,APS,withdrawn,Coal,AZ,Navajo,04017,county_fips,2006-03,q_date,401.0,West,generation_storage_interconnection_queue_activity,true
Q210,APS,withdrawn,Solar,AZ,Yavapai,04025,county_fips,2011-10,q_date,15.0,West,generation_storage_interconnection_queue_activity,true
Q211,APS,withdrawn,Solar,AZ,Yuma,04027,county_fips,2011-11,q_date,16.0,West,generation_storage_interconnection_queue_activity,true
Q212,APS,withdrawn,Solar,AZ,Yuma,04027,county_fips,2012-05,q_date,20.0,West,generation_storage_interconnection_queue_activity,true
Q213,APS,operational,Solar,AZ,Yuma,04027,county_fips,2012-05,q_date,3.0,West,generation_storage_interconnection_queue_activity,true
Q214,APS,withdrawn,Solar,AZ,Maricopa,04013,county_fips,2012-06,q_date,20.0,West,generation_storage_interconnection_queue_activity,true
Q215,APS,withdrawn,Solar,AZ,Yavapai,04025,county_fips,2012-06,q_date,20.0,West,generation_storage_interconnection_queue_activity,true
Q216,APS,withdrawn,Solar,AZ,Maricopa,04013,county_fips,2012-07,q_date,20.0,West,generation_storage_interconnection_queue_activity,true
Q217,APS,withdrawn,Solar,AZ,Yuma,04027,county_fips,2017-09,q_date,35.0,West,generation_storage_interconnection_queue_activity,true
Q218,APS,withdrawn,Other,NM,San Juan,35045,county_fips,2013-03,q_date,1200.0,West,generation_storage_interconnection_queue_activity,true
Q219,APS,withdrawn,Other,AZ,Maricopa,04013,county_fips,2013-09,q_date,634.0,West,generation_storage_interconnection_queue_activity,true
Q22,APS,withdrawn,Wind,AZ,Yavapai,04025,county_fips,2006-06,q_date,85.0,West,generation_storage_interconnection_queue_activity,true
Q220,APS,withdrawn,Solar,AZ,Pinal,04021,county_fips,2013-11,q_date,20.0,West,generation_storage_interconnection_queue_activity,true
Q221,APS,withdrawn,Solar,AZ,Cochise,04003,county_fips,2014-03,q_date,20.0,West,generation_storage_interconnection_queue_activity,true
Q222,APS,operational,Gas,AZ,Maricopa,04013,county_fips,2014-08,q_date,595.0,West,generation_storage_interconnection_queue_activity,true
Q223,APS,withdrawn,Solar,AZ,Cochise,04003,county_fips,2014-08,q_date,20.0,West,generation_storage_interconnection_queue_activity,true
Q224,APS,withdrawn,Solar,AZ,Maricopa,04013,county_fips,2014-09,q_date,50.0,West,generation_storage_interconnection_queue_activity,true
Q225,APS,active,Solar+Battery,AZ,Maricopa,04013,county_fips,2014-09,q_date,200.0,West,generation_storage_interconnection_queue_activity,true
Q226,APS,withdrawn,Solar,AZ,Yuma,04027,county_fips,2014-12,q_date,20.0,West,generation_storage_interconnection_queue_activity,true
Q227,APS,operational,Solar+Battery,AZ,Yuma,04027,county_fips,2015-08,q_date,500.0,West,generation_storage_interconnection_queue_activity,true
Q228,APS,operational,Solar,AZ,Pinal,04021,county_fips,2015-09,q_date,44.3,West,generation_storage_interconnection_queue_activity,true
Q229,APS,active,Battery,AZ,Maricopa,04013,county_fips,2015-09,q_date,50.0,West,generation_storage_interconnection_queue_activity,true
Q23,APS,withdrawn,Coal,AZ,Navajo,04017,county_fips,2006-06,q_date,400.0,West,generation_storage_interconnection_queue_activity,true
Q230,APS,active,Solar,AZ,Navajo,04017,county_fips,2015-09,q_date,200.0,West,generation_storage_interconnection_queue_activity,true
Q231,APS,withdrawn,Solar,AZ,Cochise,04003,county_fips,2015-10,q_date,17.5,West,generation_storage_interconnection_queue_activity,true
Q232,APS,withdrawn,Solar,AZ,Yavapai,04025,county_fips,2016-03,q_date,20.0,West,generation_storage_interconnection_queue_activity,true
Q233,APS,withdrawn,Solar,AZ,Maricopa,04013,county_fips,2016-03,q_date,300.0,West,generation_storage_interconnection_queue_activity,true
Q234,APS,withdrawn,Solar,AZ,Maricopa,04013,county_fips,2016-03,q_date,200.0,West,generation_storage_interconnection_queue_activity,true
Q235,APS,withdrawn,Solar,AZ,Maricopa,04013,county_fips,2016-03,q_date,200.0,West,generation_storage_interconnection_queue_activity,true
Q236/272,APS,operational,Solar+Battery,AZ,Yuma,04027,county_fips,2016-03,q_date,70.0,West,generation_storage_interconnection_queue_activity,true
Q237,APS,withdrawn,Solar,AZ,Navajo,04017,county_fips,2016-03,q_date,75.0,West,generation_storage_interconnection_queue_activity,true
Q238,APS,withdrawn,Solar+Battery,AZ,Maricopa,04013,county_fips,2016-03,q_date,177.9,West,generation_storage_interconnection_queue_activity,true
Q239,APS,active,Solar+Battery,AZ,Pinal,04021,county_fips,2016-03,q_date,213.75,West,generation_storage_interconnection_queue_activity,true
Q24,APS,withdrawn,Coal,AZ,Navajo,04017,county_fips,2006-06,q_date,960.0,West,generation_storage_interconnection_queue_activity,true
Q240,APS,withdrawn,Solar,AZ,Pinal,04021,county_fips,2016-03,q_date,200.0,West,generation_storage_interconnection_queue_activity,true
Q241,APS,withdrawn,Solar,AZ,Yavapai,04025,county_fips,2016-03,q_date,200.0,West,generation_storage_interconnection_queue_activity,true
Q242,APS,withdrawn,Solar,AZ,Maricopa,04013,county_fips,2016-03,q_date,150.0,West,generation_storage_interconnection_queue_activity,true
Q243,APS,withdrawn,Solar,AZ,Pinal,04021,county_fips,2016-03,q_date,200.0,West,generation_storage_interconnection_queue_activity,true
Q244,APS,withdrawn,Solar,AZ,Pinal,04021,county_fips,2016-03,q_date,75.0,West,generation_storage_interconnection_queue_activity,true
Q245,APS,withdrawn,Solar,AZ,Yavapai,04025,county_fips,2016-06,q_date,26.0,West,generation_storage_interconnection_queue_activity,true
Q246,APS,active,Solar,AZ,Yuma,04027,county_fips,2016-09,q_date,20.0,West,generation_storage_interconnection_queue_activity,true
Q247,APS,withdrawn,Solar,AZ,Yuma,04027,county_fips,2016-09,q_date,400.0,West,generation_storage_interconnection_queue_activity,true
Q248,APS,withdrawn,Solar+Battery,AZ,Maricopa,04013,county_fips,2016-09,q_date,300.0,West,generation_storage_interconnection_queue_activity,true
Q249,APS,withdrawn,Solar,AZ,Yuma,04027,county_fips,2016-09,q_date,20.0,West,generation_storage_interconnection_queue_activity,true
Q25,APS,withdrawn,Coal,AZ,Navajo,04017,county_fips,2006-07,q_date,1200.0,West,generation_storage_interconnection_queue_activity,true
Q250,APS,withdrawn,Solar,AZ,Yuma,04027,county_fips,2016-09,q_date,20.0,West,generation_storage_interconnection_queue_activity,true
Q251,APS,withdrawn,Gas,AZ,Pinal,04021,county_fips,2017-03,q_date,495.0,West,generation_storage_interconnection_queue_activity,true
Q252,APS,active,Solar+Battery,AZ,Yuma,04027,county_fips,2017-03,q_date,250.0,West,generation_storage_interconnection_queue_activity,true
Q253,APS,withdrawn,Solar+Battery,AZ,Pinal,04021,county_fips,2017-03,q_date,140.0,West,generation_storage_interconnection_queue_activity,true
Q254,APS,active,Solar,AZ,Pinal,04021,county_fips,2017-03,q_date,100.0,West,generation_storage_interconnection_queue_activity,true
Q255,APS,active,Solar+Battery,AZ,Coconino,04005,county_fips,2017-05,q_date,2000.0,West,generation_storage_interconnection_queue_activity,true
Q256,APS,active,Solar+Battery,AZ,Pinal,04021,county_fips,2017-05,q_date,100.0,West,generation_storage_interconnection_queue_activity,true
Q257,APS,withdrawn,Gas,AZ,Pinal,04021,county_fips,2017-06,q_date,500.0,West,generation_storage_interconnection_queue_activity,true
Q258,APS,withdrawn,Battery,AZ,Maricopa,04013,county_fips,2017-09,q_date,37.5,West,generation_storage_interconnection_queue_activity,true
Q259,APS,withdrawn,Solar+Battery,NM,San Juan,35045,county_fips,2017-09,q_date,400.0,West,generation_storage_interconnection_queue_activity,true
Q26,APS,withdrawn,Wind,AZ,Mohave,04015,county_fips,2006-09,q_date,500.0,West,generation_storage_interconnection_queue_activity,true
Q260,APS,withdrawn,Gas,AZ,Pinal,04021,county_fips,2017-09,q_date,900.0,West,generation_storage_interconnection_queue_activity,true
Q261,APS,withdrawn,Gas,AZ,Maricopa,04013,county_fips,2017-09,q_date,900.0,West,generation_storage_interconnection_queue_activity,true
Q262,APS,withdrawn,Solar,AZ,Pinal,04021,county_fips,2017-09,q_date,20.0,West,generation_storage_interconnection_queue_activity,true
Q263,APS,withdrawn,Battery,AZ,Pinal,04021,county_fips,2017-09,q_date,20.0,West,generation_storage_interconnection_queue_activity,true
Q264,APS,active,Solar+Battery,AZ,Pinal,04021,county_fips,2017-09,q_date,130.0,West,generation_storage_interconnection_queue_activity,true
Q265,APS,withdrawn,Solar+Battery,AZ,Coconino,04005,county_fips,2018-02,q_date,60.0,West,generation_storage_interconnection_queue_activity,true
Q266,APS,withdrawn,Solar+Battery,AZ,Coconino,04005,county_fips,2018-02,q_date,1000.0,West,generation_storage_interconnection_queue_activity,true
Q267,APS,withdrawn,Solar+Battery,AZ,Pinal,04021,county_fips,2018-03,q_date,75.0,West,generation_storage_interconnection_queue_activity,true
Q268,APS,active,Battery,AZ,Maricopa,04013,county_fips,2018-03,q_date,75.0,West,generation_storage_interconnection_queue_activity,true
Q269,APS,active,Battery,AZ,Maricopa,04013,county_fips,2018-03,q_date,450.0,West,generation_storage_interconnection_queue_activity,true
Q27,APS,withdrawn,Other,AZ,Maricopa,04013,county_fips,2006-11,q_date,3.6,West,generation_storage_interconnection_queue_activity,true
Q270,APS,active,Solar+Battery,AZ,Navajo,04017,county_fips,2018-03,q_date,200.0,West,generation_storage_interconnection_queue_activity,true
Q271,APS,active,Battery,AZ,Navajo,04017,county_fips,2018-03,q_date,75.0,West,generation_storage_interconnection_queue_activity,true
Q273,APS,active,Wind,AZ,Navajo,04017,county_fips,2018-03,q_date,477.0,West,generation_storage_interconnection_queue_activity,true
Q274,APS,active,Solar,AZ,Coconino,04005,county_fips,2018-03,q_date,1000.0,West,generation_storage_interconnection_queue_activity,true
Q275,APS,active,Solar+Battery,AZ,Navajo,04017,county_fips,2018-03,q_date,1000.0,West,generation_storage_interconnection_queue_activity,true
Q276,APS,operational,Solar,AZ,Maricopa,04013,county_fips,2018-03,q_date,150.0,West,generation_storage_interconnection_queue_activity,true
Q277,APS,withdrawn,Battery,AZ,Maricopa,04013,county_fips,2018-06,q_date,250.0,West,generation_storage_interconnection_queue_activity,true
