source,moratorium_id,state,jurisdiction,jurisdiction_type,enacted_status,date_enacted_iso,month,sectors,county_fips,match_kind,candidate_fips,transform_version,geo_policy
moratorium_nation,al-birmingham-2026,AL,Birmingham,City,active,2026-03-03,2026-03,"[""data_center""]",,ambiguous_place,01073|01117,c_moratoria_geo_stub_v0,best_effort_place_county_stub_no_invented_fips
moratorium_nation,al-leeds-2026,AL,Leeds,City,active,2026-06-08,2026-06,"[""data_center""]",,ambiguous_place,01073|01115|01117,c_moratoria_geo_stub_v0,best_effort_place_county_stub_no_invented_fips
moratorium_nation,ct-morris-2026,CT,Morris,Town,active,2026-05,2026-05,"[""battery_storage"", ""data_center""]",,unmatched,,c_moratoria_geo_stub_v0,best_effort_place_county_stub_no_invented_fips
moratorium_nation,ga-athens-clarke-county-2025,GA,Athens-Clarke County,County,replaced,2025-12-02,2025-12,"[""data_center""]",,unmatched,,c_moratoria_geo_stub_v0,best_effort_place_county_stub_no_invented_fips
moratorium_nation,ga-augusta-richmond-county-undated,GA,Augusta-Richmond County,County,extended,2026-06-02,2026-06,"[""data_center""]",,unmatched,,c_moratoria_geo_stub_v0,best_effort_place_county_stub_no_invented_fips
moratorium_nation,ga-roswell-2026,GA,Roswell,City,extended,2026-01-12,2026-01,"[""data_center""]",,ambiguous_place,13067|13121,c_moratoria_geo_stub_v0,best_effort_place_county_stub_no_invented_fips
moratorium_nation,ga-social-circle-2025,GA,Social Circle,City,replaced,2025-09,2025-09,"[""data_center""]",,ambiguous_place,13217|13297,c_moratoria_geo_stub_v0,best_effort_place_county_stub_no_invented_fips
moratorium_nation,il-aurora-2025,IL,City of Aurora,City,replaced,2025-09-25,2025-09,"[""data_center""]",,unmatched,,c_moratoria_geo_stub_v0,best_effort_place_county_stub_no_invented_fips
moratorium_nation,il-city-of-bloomington-2026,IL,City of Bloomington,City,active,2026-05-26,2026-05,"[""data_center""]",,unmatched,,c_moratoria_geo_stub_v0,best_effort_place_county_stub_no_invented_fips
moratorium_nation,il-city-of-carbondale-2026,IL,City of Carbondale,City,active,2026-06-23,2026-06,"[""data_center""]",,unmatched,,c_moratoria_geo_stub_v0,best_effort_place_county_stub_no_invented_fips
moratorium_nation,il-collinsville-undated,IL,City of Collinsville,City,active,,,"[""data_center""]",,unmatched,,c_moratoria_geo_stub_v0,best_effort_place_county_stub_no_invented_fips
moratorium_nation,il-city-of-effingham-2026,IL,City of Effingham,City,active,2026-06-02,2026-06,"[""cryptocurrency_mining"",""data_center""]",,unmatched,,c_moratoria_geo_stub_v0,best_effort_place_county_stub_no_invented_fips
moratorium_nation,il-city-of-troy-2026,IL,City of Troy,City,active,2026-03,2026-03,"[""data_center""]",,unmatched,,c_moratoria_geo_stub_v0,best_effort_place_county_stub_no_invented_fips
moratorium_nation,il-city-of-west-chicago-2026,IL,City of West Chicago,City,active,2026-07-06,2026-07,"[""data_center"",""battery_storage""]",,unmatched,,c_moratoria_geo_stub_v0,best_effort_place_county_stub_no_invented_fips
moratorium_nation,il-la-salle-county-2026,IL,La Salle County,County,active,2026-06-08,2026-06,"[""data_center""]",,unmatched,,c_moratoria_geo_stub_v0,best_effort_place_county_stub_no_invented_fips
moratorium_nation,il-town-of-normal-2026,IL,Town of Normal,Town,active,2026-05-18,2026-05,"[""data_center""]",,unmatched,,c_moratoria_geo_stub_v0,best_effort_place_county_stub_no_invented_fips
moratorium_nation,il-godfrey-2026,IL,Village of Godfrey,Village,extended,2026-01-20,2026-01,"[""data_center""]",,unmatched,,c_moratoria_geo_stub_v0,best_effort_place_county_stub_no_invented_fips
moratorium_nation,ia-city-of-peosta-2026,IA,City of Peosta,City,active,2026-06-23,2026-06,"[""data_center""]",,unmatched,,c_moratoria_geo_stub_v0,best_effort_place_county_stub_no_invented_fips
moratorium_nation,ky-la-grange-2025,KY,City of La Grange,City,expired,2025-06-02,2025-06,"[""data_center""]",,unmatched,,c_moratoria_geo_stub_v0,best_effort_place_county_stub_no_invented_fips
moratorium_nation,ky-lexington-fayette-2026,KY,Lexington-Fayette,Other,active,2026-06-09,2026-06,"[""data_center""]",,unmatched,,c_moratoria_geo_stub_v0,best_effort_place_county_stub_no_invented_fips
moratorium_nation,ky-meade-county-fiscal-court-2026,KY,Meade County Fiscal Court,County,active,2026-01-13,2026-01,"[""data_center""]",,unmatched,,c_moratoria_geo_stub_v0,best_effort_place_county_stub_no_invented_fips
moratorium_nation,ky-mercer-county-fiscal-court-undated,KY,Mercer County Fiscal Court,County,pending,,,"[""data_center"",""cryptocurrency_mining""]",,unmatched,,c_moratoria_geo_stub_v0,best_effort_place_county_stub_no_invented_fips
moratorium_nation,ky-oldham-county-fiscal-court-2025,KY,Oldham County Fiscal Court,County,extended,2025-06-26,2025-06,"[""data_center""]",,unmatched,,c_moratoria_geo_stub_v0,best_effort_place_county_stub_no_invented_fips
moratorium_nation,me-scarborough-2026,ME,Scarborough,Town,active,2026-06-03,2026-06,"[""data_center""]",,unmatched,,c_moratoria_geo_stub_v0,best_effort_place_county_stub_no_invented_fips
moratorium_nation,md-baltimore-county-2026,MD,Baltimore County,County,active,2026-02-02,2026-02,"[""data_center""]",,ambiguous_county,24005|24510,c_moratoria_geo_stub_v0,best_effort_place_county_stub_no_invented_fips
moratorium_nation,md-proposed-or-rejected-local-pauses-undated,MD,Proposed or Rejected Local Pauses,Aggregate meta-row,pending,,,"[""general""]",,unmatched,,c_moratoria_geo_stub_v0,best_effort_place_county_stub_no_invented_fips
moratorium_nation,ma-gill-2026,MA,"Gill (proposal, not enacted as of 2026-04-29)",Town,pending,,,"[""data_center"", ""battery_storage""]",,unmatched,,c_moratoria_geo_stub_v0,best_effort_place_county_stub_no_invented_fips
moratorium_nation,ma-heath-2026,MA,"Heath (proposal, not enacted as of 2026-04-29)",Town,pending,,,"[""battery_storage"", ""data_center""]",,unmatched,,c_moratoria_geo_stub_v0,best_effort_place_county_stub_no_invented_fips
moratorium_nation,ma-shutesbury-2025,MA,Shutesbury,Town,expired,2025-09-30,2025-09,"[""data_center""]",,unmatched,,c_moratoria_geo_stub_v0,best_effort_place_county_stub_no_invented_fips
moratorium_nation,mi-bruce-township-undated,MI,Bruce Township,Township,active,,,"[""data_center""]",,unmatched,,c_moratoria_geo_stub_v0,best_effort_place_county_stub_no_invented_fips
moratorium_nation,mi-city-of-flint-2026,MI,City of Flint,City,active,2026-06-08,2026-06,"[""data_center""]",,unmatched,,c_moratoria_geo_stub_v0,best_effort_place_county_stub_no_invented_fips
moratorium_nation,mi-clark-township-2025,MI,Clark Township,Township,expired,2025-06-24,2025-06,"[""data_center"", ""cryptocurrency_mining""]",,unmatched,,c_moratoria_geo_stub_v0,best_effort_place_county_stub_no_invented_fips
moratorium_nation,mi-fenton-township-2026,MI,Fenton Township,Township,pending,2026-02-17,2026-02,"[""data_center""]",,ambiguous_place,26049|26093|26125,c_moratoria_geo_stub_v0,best_effort_place_county_stub_no_invented_fips
moratorium_nation,mi-forsyth-township-2026,MI,Forsyth Township,Township,active,2026-06-25,2026-06,"[""data_center""]",,unmatched,,c_moratoria_geo_stub_v0,best_effort_place_county_stub_no_invented_fips
moratorium_nation,mi-green-charter-township-2025,MI,Green Charter Township,Township,active,2025-12-09,2025-12,"[""data_center""]",,unmatched,,c_moratoria_geo_stub_v0,best_effort_place_county_stub_no_invented_fips
moratorium_nation,mi-hagar-township-2026,MI,Hagar Township,Township,active,2026-07-17,2026-07,"[""data_center""]",,unmatched,,c_moratoria_geo_stub_v0,best_effort_place_county_stub_no_invented_fips
moratorium_nation,mi-hayes-township-2026,MI,Hayes Township,Township,extended,2026-02-10,2026-02,"[""general""]",,unmatched,,c_moratoria_geo_stub_v0,best_effort_place_county_stub_no_invented_fips
moratorium_nation,mi-lansing-2026,MI,Lansing,City,active,2026-07-13,2026-07,"[""data_center""]",,ambiguous_place,26037|26045|26065,c_moratoria_geo_stub_v0,best_effort_place_county_stub_no_invented_fips
moratorium_nation,mi-lenox-township-2026,MI,Lenox Township,Township,extended,2026-02-02,2026-02,"[""general""]",,unmatched,,c_moratoria_geo_stub_v0,best_effort_place_county_stub_no_invented_fips
moratorium_nation,mi-lodi-township-2026,MI,Lodi Township,Township,expired,2026-02-03,2026-02,"[""data_center""]",,unmatched,,c_moratoria_geo_stub_v0,best_effort_place_county_stub_no_invented_fips
moratorium_nation,mi-lyndon-township-2026,MI,Lyndon Township,Township,active,2026-05-12,2026-05,"[""data_center""]",,unmatched,,c_moratoria_geo_stub_v0,best_effort_place_county_stub_no_invented_fips
moratorium_nation,mi-lyon-township-2026,MI,Lyon Charter Township (Oakland County),Township,active,2026-05,2026-05,"[""data_center""]",,unmatched,,c_moratoria_geo_stub_v0,best_effort_place_county_stub_no_invented_fips
moratorium_nation,mi-lyon-township-2026-2,MI,Lyon Township,Township,active,2026-05,2026-05,"[""data_center""]",,unmatched,,c_moratoria_geo_stub_v0,best_effort_place_county_stub_no_invented_fips
moratorium_nation,mi-meridian-township-2026,MI,Meridian Township,Township,active,2026-05-19,2026-05,"[""data_center""]",,unmatched,,c_moratoria_geo_stub_v0,best_effort_place_county_stub_no_invented_fips
moratorium_nation,mi-northville-2026,MI,Northville,City,active,2026-01-07,2026-01,"[""general""]",,ambiguous_place,26125|26163,c_moratoria_geo_stub_v0,best_effort_place_county_stub_no_invented_fips
moratorium_nation,mi-orion-township-2026,MI,Orion Township,Township,active,2026-06-15,2026-06,"[""data_center""]",,unmatched,,c_moratoria_geo_stub_v0,best_effort_place_county_stub_no_invented_fips
moratorium_nation,mi-other-reported-local-moratoria-undated,MI,Other Reported Local Moratoria,Aggregate meta-row,pending,,,"[""general""]",,unmatched,,c_moratoria_geo_stub_v0,best_effort_place_county_stub_no_invented_fips
moratorium_nation,mi-park-township-2026,MI,Park Township,Township,active,2026-05-13,2026-05,"[""data_center""]",,unmatched,,c_moratoria_geo_stub_v0,best_effort_place_county_stub_no_invented_fips
moratorium_nation,mi-pine-grove-township-2026,MI,Pine Grove Township,Township,active,2026-06-03,2026-06,"[""data_center""]",,unmatched,,c_moratoria_geo_stub_v0,best_effort_place_county_stub_no_invented_fips
moratorium_nation,mi-pittsfield-township-2025,MI,Pittsfield Township,Township,extended,2025-11-20,2025-11,"[""data_center""]",,unmatched,,c_moratoria_geo_stub_v0,best_effort_place_county_stub_no_invented_fips
moratorium_nation,mi-porter-township-2026,MI,Porter Township,Township,active,2026-05-12,2026-05,"[""data_center""]",,unmatched,,c_moratoria_geo_stub_v0,best_effort_place_county_stub_no_invented_fips
moratorium_nation,mi-sault-ste-marie-tribe-of-chippewa-indian-2026,MI,Sault Ste. Marie Tribe of Chippewa Indians,Tribal,active,2026-04-07,2026-04,"[""data_center""]",,unmatched,,c_moratoria_geo_stub_v0,best_effort_place_county_stub_no_invented_fips
moratorium_nation,mi-sherman-township-2026,MI,Sherman Township,Township,active,2026-06-09,2026-06,"[""data_center""]",,unmatched,,c_moratoria_geo_stub_v0,best_effort_place_county_stub_no_invented_fips
moratorium_nation,mi-sylvan-township-2026,MI,Sylvan Township,Township,expired,2026-01-22,2026-01,"[""general""]",,unmatched,,c_moratoria_geo_stub_v0,best_effort_place_county_stub_no_invented_fips
moratorium_nation,mi-texas-township-2026,MI,Texas Township,Township,active,2026-06-22,2026-06,"[""data_center""]",,unmatched,,c_moratoria_geo_stub_v0,best_effort_place_county_stub_no_invented_fips
moratorium_nation,mi-tyrone-township-2025,MI,Tyrone Township,Township,extended,2025-12-02,2025-12,"[""data_center""]",,unmatched,,c_moratoria_geo_stub_v0,best_effort_place_county_stub_no_invented_fips
moratorium_nation,mi-romeo-2026,MI,Village of Romeo,Village,active,2026-01-26,2026-01,"[""data_center""]",,unmatched,,c_moratoria_geo_stub_v0,best_effort_place_county_stub_no_invented_fips
moratorium_nation,mi-washington-township-2026,MI,Washington Township,Township,active,2026-05-20,2026-05,"[""data_center""]",,unmatched,,c_moratoria_geo_stub_v0,best_effort_place_county_stub_no_invented_fips
moratorium_nation,mi-waterford-township-2026,MI,Waterford Township,Township,active,2026-03-23,2026-03,"[""data_center""]",,unmatched,,c_moratoria_geo_stub_v0,best_effort_place_county_stub_no_invented_fips
moratorium_nation,mi-watertown-township-2026,MI,Watertown Township,Township,active,2026-05-18,2026-05,"[""data_center""]",,unmatched,,c_moratoria_geo_stub_v0,best_effort_place_county_stub_no_invented_fips
moratorium_nation,mi-york-township-2026,MI,York Township,Township,active,2026-03-10,2026-03,"[""data_center""]",,unmatched,,c_moratoria_geo_stub_v0,best_effort_place_county_stub_no_invented_fips
moratorium_nation,mi-ypsilanti-community-utilities-authority-2026,MI,Ypsilanti Community Utilities Authority,Utility-authority,active,2026-04-22,2026-04,"[""data_center""]",,unmatched,,c_moratoria_geo_stub_v0,best_effort_place_county_stub_no_invented_fips
moratorium_nation,mn-city-of-apple-valley-2026,MN,City of Apple Valley,City,active,2026-07-09,2026-07,"[""data_center""]",,unmatched,,c_moratoria_geo_stub_v0,best_effort_place_county_stub_no_invented_fips
moratorium_nation,mn-city-of-elko-new-market-2026,MN,City of Elko New Market,City,active,2026-05-14,2026-05,"[""data_center""]",,unmatched,,c_moratoria_geo_stub_v0,best_effort_place_county_stub_no_invented_fips
moratorium_nation,mn-mankato-2026,MN,Mankato,City,active,2026-07-13,2026-07,"[""data_center""]",,ambiguous_place,27013|27079|27103,c_moratoria_geo_stub_v0,best_effort_place_county_stub_no_invented_fips
moratorium_nation,ms-city-of-jackson-2026,MS,City of Jackson,City,pending,2026-07-14,2026-07,"[""data_center""]",,unmatched,,c_moratoria_geo_stub_v0,best_effort_place_county_stub_no_invented_fips
moratorium_nation,mo-city-of-camdenton-2026,MO,City of Camdenton,City,active,2026-05-05,2026-05,"[""data_center""]",,unmatched,,c_moratoria_geo_stub_v0,best_effort_place_county_stub_no_invented_fips
moratorium_nation,mo-city-of-columbia-2026,MO,City of Columbia,City,active,2026-05,2026-05,"[""data_center""]",,unmatched,,c_moratoria_geo_stub_v0,best_effort_place_county_stub_no_invented_fips
moratorium_nation,mo-city-of-independence-2026,MO,City of Independence,City,active,2026-07-06,2026-07,"[""data_center"",""battery_storage""]",,unmatched,,c_moratoria_geo_stub_v0,best_effort_place_county_stub_no_invented_fips
moratorium_nation,mo-city-of-neosho-2026,MO,City of Neosho,City,active,2026-07-07,2026-07,"[""data_center""]",,unmatched,,c_moratoria_geo_stub_v0,best_effort_place_county_stub_no_invented_fips
moratorium_nation,mo-peculiar-2024,MO,City of Peculiar,City,replaced,2024-08-19,2024-08,"[""data_center""]",,unmatched,,c_moratoria_geo_stub_v0,best_effort_place_county_stub_no_invented_fips
moratorium_nation,mo-city-of-springfield-2026,MO,City of Springfield,City,active,2026-06-29,2026-06,"[""data_center""]",,unmatched,,c_moratoria_geo_stub_v0,best_effort_place_county_stub_no_invented_fips
moratorium_nation,mo-st-charles-2025,MO,City of St. Charles,City,replaced,2025-08-22,2025-08,"[""data_center""]",,unmatched,,c_moratoria_geo_stub_v0,best_effort_place_county_stub_no_invented_fips
moratorium_nation,mo-city-of-st-joseph-2026,MO,City of St. Joseph,City,active,2026-07-20,2026-07,"[""data_center""]",,unmatched,,c_moratoria_geo_stub_v0,best_effort_place_county_stub_no_invented_fips
moratorium_nation,mo-city-of-st-peters-2026,MO,City of St. Peters,City,active,2026-05-14,2026-05,"[""data_center""]",,unmatched,,c_moratoria_geo_stub_v0,best_effort_place_county_stub_no_invented_fips
moratorium_nation,nh-town-of-nottingham-undated,NH,Town of Nottingham,Town,pending,,,"[""data_center""]",,unmatched,,c_moratoria_geo_stub_v0,best_effort_place_county_stub_no_invented_fips
moratorium_nation,nj-galloway-township-2026,NJ,Galloway Township,Township,active,2026-06-16,2026-06,"[""data_center""]",,unmatched,,c_moratoria_geo_stub_v0,best_effort_place_county_stub_no_invented_fips
moratorium_nation,ny-town-of-brookhaven-2026,NY,Town of Brookhaven,Town,active,2026-07-16,2026-07,"[""data_center""]",,unmatched,,c_moratoria_geo_stub_v0,best_effort_place_county_stub_no_invented_fips
moratorium_nation,ny-town-of-clifton-park-2026,NY,Town of Clifton Park,Town,active,2026-07-07,2026-07,"[""data_center""]",,unmatched,,c_moratoria_geo_stub_v0,best_effort_place_county_stub_no_invented_fips
moratorium_nation,ny-dryden-2024,NY,Town of Dryden (Tompkins County),Town,replaced,2024-07-31,2024-07,"[""data_center"", ""cryptocurrency_mining""]",,unmatched,,c_moratoria_geo_stub_v0,best_effort_place_county_stub_no_invented_fips
moratorium_nation,ny-town-of-east-fishkill-2026,NY,Town of East Fishkill,Town,active,2026-06-25,2026-06,"[""data_center""]",,unmatched,,c_moratoria_geo_stub_v0,best_effort_place_county_stub_no_invented_fips
moratorium_nation,ny-town-of-highland-2026,NY,Town of Highland,Town,active,2026-06,2026-06,"[""data_center""]",,unmatched,,c_moratoria_geo_stub_v0,best_effort_place_county_stub_no_invented_fips
moratorium_nation,ny-lansing-2025,NY,"Town of Lansing (Tompkins County) - proposed, not enacted",Town,rescinded,,,"[""data_center""]",,unmatched,,c_moratoria_geo_stub_v0,best_effort_place_county_stub_no_invented_fips
moratorium_nation,ny-lewiston-2026,NY,"Town of Lewiston (Niagara County) - proposed, public hearing held",Town,active,,,"[""data_center"", ""cryptocurrency_mining""]",,unmatched,,c_moratoria_geo_stub_v0,best_effort_place_county_stub_no_invented_fips
moratorium_nation,ny-lysander-2026,NY,Town of Lysander (Onondaga County) - drafting authorized,Town,pending,,,"[""data_center""]",,unmatched,,c_moratoria_geo_stub_v0,best_effort_place_county_stub_no_invented_fips
moratorium_nation,ny-oneonta-2026,NY,"Town of Oneonta (Otsego County) - proposed, pending",Town,active,2026-05-15,2026-05,"[""data_center"", ""cryptocurrency_mining""]",,unmatched,,c_moratoria_geo_stub_v0,best_effort_place_county_stub_no_invented_fips
moratorium_nation,ny-town-of-salina-2026,NY,Town of Salina,Town,active,2026-05-27,2026-05,"[""data_center"",""cryptocurrency_mining""]",,unmatched,,c_moratoria_geo_stub_v0,best_effort_place_county_stub_no_invented_fips
moratorium_nation,ny-town-of-southeast-2026,NY,Town of Southeast,Town,active,2026-05-21,2026-05,"[""data_center""]",,unmatched,,c_moratoria_geo_stub_v0,best_effort_place_county_stub_no_invented_fips
moratorium_nation,ny-town-of-thurston-2026,NY,Town of Thurston,Town,active,2026-05-20,2026-05,"[""data_center"",""cryptocurrency_mining""]",,unmatched,,c_moratoria_geo_stub_v0,best_effort_place_county_stub_no_invented_fips
moratorium_nation,ny-town-of-van-buren-2026,NY,Town of Van Buren,Town,active,2026-06-03,2026-06,"[""data_center"",""cryptocurrency_mining""]",,unmatched,,c_moratoria_geo_stub_v0,best_effort_place_county_stub_no_invented_fips
moratorium_nation,nc-city-of-asheville-2026,NC,City of Asheville,City,active,2026-06-23,2026-06,"[""data_center""]",,unmatched,,c_moratoria_geo_stub_v0,best_effort_place_county_stub_no_invented_fips
moratorium_nation,nc-city-of-boiling-spring-lakes-2026,NC,City of Boiling Spring Lakes,City,active,2026-06-02,2026-06,"[""data_center"",""cryptocurrency_mining""]",,unmatched,,c_moratoria_geo_stub_v0,best_effort_place_county_stub_no_invented_fips
moratorium_nation,nc-brevard-2026,NC,City of Brevard,City,replaced,2026-03-16,2026-03,"[""data_center""]",,unmatched,,c_moratoria_geo_stub_v0,best_effort_place_county_stub_no_invented_fips
moratorium_nation,nc-city-of-hendersonville-undated,NC,City of Hendersonville,City,pending,,,"[""data_center""]",,unmatched,,c_moratoria_geo_stub_v0,best_effort_place_county_stub_no_invented_fips
moratorium_nation,nc-kings-mountain-2026,NC,City of Kings Mountain,City,active,2026-02-24,2026-02,"[""data_center""]",,unmatched,,c_moratoria_geo_stub_v0,best_effort_place_county_stub_no_invented_fips
moratorium_nation,nc-city-of-mount-airy-2026,NC,City of Mount Airy,City,active,2026-07-16,2026-07,"[""data_center"",""cryptocurrency_mining""]",,unmatched,,c_moratoria_geo_stub_v0,best_effort_place_county_stub_no_invented_fips
moratorium_nation,nc-city-of-wilson-2026,NC,City of Wilson,City,active,2026-05-21,2026-05,"[""data_center"",""cryptocurrency_mining"",""battery_storage""]",,unmatched,,c_moratoria_geo_stub_v0,best_effort_place_county_stub_no_invented_fips
moratorium_nation,nc-durham-2026,NC,Durham,City,extended,2026-05-05,2026-05,"[""data_center"",""cryptocurrency_mining""]",,ambiguous_place,37063|37135|37183,c_moratoria_geo_stub_v0,best_effort_place_county_stub_no_invented_fips
moratorium_nation,nc-eastern-band-of-cherokee-indians-tribal-and-trust-lands-2026,NC,Eastern Band of Cherokee Indians (tribal and trust lands),Tribal,pending,2026-05-07,2026-05,"[""data_center""]",,unmatched,,c_moratoria_geo_stub_v0,best_effort_place_county_stub_no_invented_fips
moratorium_nation,nc-apex-2026,NC,Town of Apex,Town,active,2026-04-14,2026-04,"[""data_center""]",,unmatched,,c_moratoria_geo_stub_v0,best_effort_place_county_stub_no_invented_fips
moratorium_nation,nc-town-of-bailey-2026,NC,Town of Bailey,Town,active,2026-05-18,2026-05,"[""data_center""]",,unmatched,,c_moratoria_geo_stub_v0,best_effort_place_county_stub_no_invented_fips
moratorium_nation,nc-boone-2026,NC,Town of Boone,Town,active,2026-03-23,2026-03,"[""data_center""]",,unmatched,,c_moratoria_geo_stub_v0,best_effort_place_county_stub_no_invented_fips
moratorium_nation,nc-canton-2026,NC,Town of Canton,Town,active,2026-02-11,2026-02,"[""data_center"", ""cryptocurrency_mining""]",,unmatched,,c_moratoria_geo_stub_v0,best_effort_place_county_stub_no_invented_fips
moratorium_nation,nc-clyde-2026,NC,Town of Clyde,Town,active,2026-04-16,2026-04,"[""data_center""]",,unmatched,,c_moratoria_geo_stub_v0,best_effort_place_county_stub_no_invented_fips
moratorium_nation,nc-town-of-franklin-2026,NC,Town of Franklin,Town,active,2026-07-06,2026-07,"[""data_center""]",,unmatched,,c_moratoria_geo_stub_v0,best_effort_place_county_stub_no_invented_fips
moratorium_nation,nc-town-of-hillsborough-2026,NC,Town of Hillsborough,Town,extended,2026-05-27,2026-05,"[""data_center"",""cryptocurrency_mining""]",,unmatched,,c_moratoria_geo_stub_v0,best_effort_place_county_stub_no_invented_fips
moratorium_nation,nc-town-of-holly-springs-2026,NC,Town of Holly Springs,Town,active,2026-06-16,2026-06,"[""data_center"",""cryptocurrency_mining""]",,unmatched,,c_moratoria_geo_stub_v0,best_effort_place_county_stub_no_invented_fips
moratorium_nation,nc-town-of-spring-hope-2026,NC,Town of Spring Hope,Town,active,2026-05-04,2026-05,"[""data_center""]",,unmatched,,c_moratoria_geo_stub_v0,best_effort_place_county_stub_no_invented_fips
moratorium_nation,nc-wendell-2026,NC,Town of Wendell,Town,active,2026-04-13,2026-04,"[""data_center"", ""cryptocurrency_mining""]",,unmatched,,c_moratoria_geo_stub_v0,best_effort_place_county_stub_no_invented_fips
moratorium_nation,nc-town-of-woodfin-2026,NC,Town of Woodfin,Town,active,2026-05-19,2026-05,"[""data_center""]",,unmatched,,c_moratoria_geo_stub_v0,best_effort_place_county_stub_no_invented_fips
moratorium_nation,oh-alliance-2026,OH,Alliance,City,active,2026-07-06,2026-07,"[""data_center""]",,ambiguous_place,39099|39151,c_moratoria_geo_stub_v0,best_effort_place_county_stub_no_invented_fips
moratorium_nation,oh-blanchester-2026,OH,Blanchester,Village,active,2026-03-12,2026-03,"[""data_center""]",,ambiguous_place,39027|39165,c_moratoria_geo_stub_v0,best_effort_place_county_stub_no_invented_fips
moratorium_nation,oh-braceville-township-2026,OH,Braceville Township,Township,active,2026-06-02,2026-06,"[""data_center""]",,unmatched,,c_moratoria_geo_stub_v0,best_effort_place_county_stub_no_invented_fips
moratorium_nation,oh-city-of-hubbard-2026,OH,City of Hubbard,City,active,2026-06-01,2026-06,"[""data_center""]",,unmatched,,c_moratoria_geo_stub_v0,best_effort_place_county_stub_no_invented_fips
moratorium_nation,oh-new-carlisle-2026,OH,City of New Carlisle,City,active,2026-02-17,2026-02,"[""data_center""]",,unmatched,,c_moratoria_geo_stub_v0,best_effort_place_county_stub_no_invented_fips
moratorium_nation,oh-norton-2025,OH,City of Norton,City,extended,2025-12-01,2025-12,"[""data_center""]",,unmatched,,c_moratoria_geo_stub_v0,best_effort_place_county_stub_no_invented_fips
moratorium_nation,oh-waterville-2025,OH,City of Waterville,City,expired,2025-12-08,2025-12,"[""data_center""]",,unmatched,,c_moratoria_geo_stub_v0,best_effort_place_county_stub_no_invented_fips
moratorium_nation,oh-howland-township-2026,OH,Howland Township,Township,active,2026-06-10,2026-06,"[""data_center""]",,unmatched,,c_moratoria_geo_stub_v0,best_effort_place_county_stub_no_invented_fips
moratorium_nation,oh-jerome-township-2025,OH,Jerome Township,Township,expired,2025-09-03,2025-09,"[""data_center""]",,unmatched,,c_moratoria_geo_stub_v0,best_effort_place_county_stub_no_invented_fips
moratorium_nation,oh-monclova-township-2026,OH,Monclova Township,Township,active,2026-02-17,2026-02,"[""data_center""]",,unmatched,,c_moratoria_geo_stub_v0,best_effort_place_county_stub_no_invented_fips
moratorium_nation,oh-pierce-township-2026,OH,Pierce Township,Township,active,2026-02-11,2026-02,"[""data_center""]",,unmatched,,c_moratoria_geo_stub_v0,best_effort_place_county_stub_no_invented_fips
moratorium_nation,oh-plain-city-undated,OH,Plain City,Village,pending,,,"[""data_center""]",,ambiguous_place,39097|39159,c_moratoria_geo_stub_v0,best_effort_place_county_stub_no_invented_fips
moratorium_nation,oh-plain-township-2026,OH,Plain Township,Township,active,2026-03-24,2026-03,"[""data_center""]",,ambiguous_place,39097|39159,c_moratoria_geo_stub_v0,best_effort_place_county_stub_no_invented_fips
moratorium_nation,oh-providence-township-2026,OH,Providence Township,Township,active,2026-04-15,2026-04,"[""data_center""]",,unmatched,,c_moratoria_geo_stub_v0,best_effort_place_county_stub_no_invented_fips
moratorium_nation,oh-shawnee-township-2026,OH,Shawnee Township,Township,active,2026-04-13,2026-04,"[""data_center"", ""battery_storage"", ""solar""]",,ambiguous_place,39061|39127,c_moratoria_geo_stub_v0,best_effort_place_county_stub_no_invented_fips
moratorium_nation,oh-sprigg-township-2026,OH,Sprigg Township,Township,active,2026-03-02,2026-03,"[""data_center""]",,unmatched,,c_moratoria_geo_stub_v0,best_effort_place_county_stub_no_invented_fips
moratorium_nation,oh-tallmadge-2026,OH,Tallmadge,City,active,2026-04-13,2026-04,"[""data_center""]",,ambiguous_place,39133|39153,c_moratoria_geo_stub_v0,best_effort_place_county_stub_no_invented_fips
moratorium_nation,oh-vermilion-2026,OH,Vermilion,City,active,2026-03-23,2026-03,"[""data_center""]",,ambiguous_place,39043|39093,c_moratoria_geo_stub_v0,best_effort_place_county_stub_no_invented_fips
moratorium_nation,oh-ashville-2025,OH,Village of Ashville,Village,extended,2025-12-22,2025-12,"[""data_center""]",,unmatched,,c_moratoria_geo_stub_v0,best_effort_place_county_stub_no_invented_fips
moratorium_nation,oh-lordstown-2026,OH,Village of Lordstown,Village,extended,2026-01-05,2026-01,"[""data_center""]",,unmatched,,c_moratoria_geo_stub_v0,best_effort_place_county_stub_no_invented_fips
moratorium_nation,ok-broken-arrow-2026,OK,Broken Arrow,City,active,2026-06-15,2026-06,"[""data_center""]",,ambiguous_place,40143|40145,c_moratoria_geo_stub_v0,best_effort_place_county_stub_no_invented_fips
moratorium_nation,ok-oklahoma-city-2026,OK,Oklahoma City,City,active,2026-04-21,2026-04,"[""data_center""]",,ambiguous_place,40017|40027|40109|40125,c_moratoria_geo_stub_v0,best_effort_place_county_stub_no_invented_fips
moratorium_nation,ok-seminole-nation-of-oklahoma-2026,OK,Seminole Nation of Oklahoma,Tribal,active,2026-03-07,2026-03,"[""data_center""]",,unmatched,,c_moratoria_geo_stub_v0,best_effort_place_county_stub_no_invented_fips
moratorium_nation,ok-tulsa-2026,OK,Tulsa,City,active,2026-03-25,2026-03,"[""data_center""]",,ambiguous_place,40113|40131|40143|40145,c_moratoria_geo_stub_v0,best_effort_place_county_stub_no_invented_fips
moratorium_nation,or-city-of-hillsboro-2026,OR,City of Hillsboro,City,active,2026-07-27,2026-07,"[""data_center"",""battery_storage""]",,unmatched,,c_moratoria_geo_stub_v0,best_effort_place_county_stub_no_invented_fips
moratorium_nation,pa-bensalem-township-2026,PA,Bensalem Township,Township,active,2026-06-08,2026-06,"[""data_center"",""solar"",""wind""]",,unmatched,,c_moratoria_geo_stub_v0,best_effort_place_county_stub_no_invented_fips
moratorium_nation,pa-center-township-2026,PA,Center Township,Township,active,2026-06-10,2026-06,"[""data_center"",""general""]",,unmatched,,c_moratoria_geo_stub_v0,best_effort_place_county_stub_no_invented_fips
moratorium_nation,pa-hazle-township-2026,PA,Hazle Township,Township,active,2026-06-08,2026-06,"[""data_center""]",,unmatched,,c_moratoria_geo_stub_v0,best_effort_place_county_stub_no_invented_fips
moratorium_nation,pa-warrington-township-2026,PA,Warrington Township,Township,active,2026-05-13,2026-05,"[""data_center""]",,unmatched,,c_moratoria_geo_stub_v0,best_effort_place_county_stub_no_invented_fips
moratorium_nation,tn-johnson-city-2025,TN,Johnson City,City,replaced,2025-06-05,2025-06,"[""data_center"", ""cryptocurrency_mining""]",,ambiguous_place,47019|47163|47179,c_moratoria_geo_stub_v0,best_effort_place_county_stub_no_invented_fips
moratorium_nation,tn-nashville-davidson-county-2026,TN,Nashville-Davidson County,City,active,2026-07-24,2026-07,"[""data_center""]",,unmatched,,c_moratoria_geo_stub_v0,best_effort_place_county_stub_no_invented_fips
moratorium_nation,tn-unincorporated-hamilton-county-2026,TN,Unincorporated Hamilton County,County,active,2026-07-15,2026-07,"[""data_center""]",,unmatched,,c_moratoria_geo_stub_v0,best_effort_place_county_stub_no_invented_fips
moratorium_nation,va-city-of-chesapeake-2026,VA,City of Chesapeake,City,active,2026-07-21,2026-07,"[""data_center""]",,unmatched,,c_moratoria_geo_stub_v0,best_effort_place_county_stub_no_invented_fips
moratorium_nation,wa-chelan-2018,WA,City of Chelan,City,expired,2018-04-24,2018-04,"[""cryptocurrency_mining""]",,unmatched,,c_moratoria_geo_stub_v0,best_effort_place_county_stub_no_invented_fips
moratorium_nation,wa-cheney-2018,WA,City of Cheney,City,expired,2018-04-21,2018-04,"[""cryptocurrency_mining""]",,unmatched,,c_moratoria_geo_stub_v0,best_effort_place_county_stub_no_invented_fips
moratorium_nation,wa-east-wenatchee-2018,WA,City of East Wenatchee,City,replaced,2018-03-27,2018-03,"[""data_center"", ""cryptocurrency_mining""]",,unmatched,,c_moratoria_geo_stub_v0,best_effort_place_county_stub_no_invented_fips
moratorium_nation,wa-entiat-2018,WA,City of Entiat,City,expired,2018,,"[""cryptocurrency_mining""]",,unmatched,,c_moratoria_geo_stub_v0,best_effort_place_county_stub_no_invented_fips
moratorium_nation,wa-ephrata-2018,WA,City of Ephrata,City,expired,2018-10-17,2018-10,"[""cryptocurrency_mining""]",,unmatched,,c_moratoria_geo_stub_v0,best_effort_place_county_stub_no_invented_fips
moratorium_nation,wa-leavenworth-2018,WA,City of Leavenworth,City,replaced,2018-03-27,2018-03,"[""cryptocurrency_mining""]",,unmatched,,c_moratoria_geo_stub_v0,best_effort_place_county_stub_no_invented_fips
moratorium_nation,wa-moses-lake-2018,WA,City of Moses Lake,City,replaced,2018-05,2018-05,"[""cryptocurrency_mining""]",,unmatched,,c_moratoria_geo_stub_v0,best_effort_place_county_stub_no_invented_fips
moratorium_nation,wa-seattle-2026,WA,City of Seattle,City,active,2026-06-09,2026-06,"[""data_center""]",,unmatched,,c_moratoria_geo_stub_v0,best_effort_place_county_stub_no_invented_fips
moratorium_nation,wa-wenatchee-2018,WA,City of Wenatchee,City,replaced,2018-02-22,2018-02,"[""data_center"", ""cryptocurrency_mining""]",,unmatched,,c_moratoria_geo_stub_v0,best_effort_place_county_stub_no_invented_fips
moratorium_nation,wa-waterville-2018,WA,Town of Waterville,Town,expired,2018,,"[""cryptocurrency_mining""]",,unmatched,,c_moratoria_geo_stub_v0,best_effort_place_county_stub_no_invented_fips
moratorium_nation,wi-madison-2026,WI,City of Madison,City,active,2026-01-24,2026-01,"[""data_center""]",,unmatched,,c_moratoria_geo_stub_v0,best_effort_place_county_stub_no_invented_fips
moratorium_nation,wi-city-of-sheboygan-2026,WI,City of Sheboygan,City,active,2026-07-20,2026-07,"[""data_center""]",,unmatched,,c_moratoria_geo_stub_v0,best_effort_place_county_stub_no_invented_fips
moratorium_nation,wi-city-of-superior-2026,WI,City of Superior,City,active,2026-06-16,2026-06,"[""data_center""]",,unmatched,,c_moratoria_geo_stub_v0,best_effort_place_county_stub_no_invented_fips
moratorium_nation,wi-town-of-new-denmark-2026,WI,Town of New Denmark,Town,active,2026-06-08,2026-06,"[""data_center""]",,unmatched,,c_moratoria_geo_stub_v0,best_effort_place_county_stub_no_invented_fips
moratorium_nation,wi-village-of-ashwaubenon-2026,WI,Village of Ashwaubenon,Village,active,2026-06-23,2026-06,"[""data_center""]",,unmatched,,c_moratoria_geo_stub_v0,best_effort_place_county_stub_no_invented_fips
moratorium_nation,wi-village-of-cottage-grove-2026,WI,Village of Cottage Grove,Village,active,2026-07-20,2026-07,"[""data_center""]",,unmatched,,c_moratoria_geo_stub_v0,best_effort_place_county_stub_no_invented_fips
moratorium_nation,wi-village-of-hobart-2026,WI,Village of Hobart,Village,active,2026-07-07,2026-07,"[""data_center""]",,unmatched,,c_moratoria_geo_stub_v0,best_effort_place_county_stub_no_invented_fips
moratorium_nation,wi-village-of-wrightstown-2026,WI,Village of Wrightstown,Village,active,2026-06-16,2026-06,"[""data_center""]",,unmatched,,c_moratoria_geo_stub_v0,best_effort_place_county_stub_no_invented_fips
